Date,Content,Video title,Video publish time,Duration,Views
2025-07-22,7fpBz6uo504,5 Big Myths About Israel and Palestine Busted!,"Jul 29, 2025",718,0
2025-07-23,7fpBz6uo504,5 Big Myths About Israel and Palestine Busted!,"Jul 29, 2025",718,0
2025-07-24,7fpBz6uo504,5 Big Myths About Israel and Palestine Busted!,"Jul 29, 2025",718,0
2025-07-25,7fpBz6uo504,5 Big Myths About Israel and Palestine Busted!,"Jul 29, 2025",718,0
2025-07-26,7fpBz6uo504,5 Big Myths About Israel and Palestine Busted!,"Jul 29, 2025",718,0
2025-07-27,7fpBz6uo504,5 Big Myths About Israel and Palestine Busted!,"Jul 29, 2025",718,0
2025-07-28,7fpBz6uo504,5 Big Myths About Israel and Palestine Busted!,"Jul 29, 2025",718,0
2025-07-29,7fpBz6uo504,5 Big Myths About Israel and Palestine Busted!,"Jul 29, 2025",718,0
2025-07-30,7fpBz6uo504,5 Big Myths About Israel and Palestine Busted!,"Jul 29, 2025",718,1
2025-07-31,7fpBz6uo504,5 Big Myths About Israel and Palestine Busted!,"Jul 29, 2025",718,0
2025-08-01,7fpBz6uo504,5 Big Myths About Israel and Palestine Busted!,"Jul 29, 2025",718,2
2025-08-02,7fpBz6uo504,5 Big Myths About Israel and Palestine Busted!,"Jul 29, 2025",718,27
2025-08-03,7fpBz6uo504,5 Big Myths About Israel and Palestine Busted!,"Jul 29, 2025",718,68
2025-08-04,7fpBz6uo504,5 Big Myths About Israel and Palestine Busted!,"Jul 29, 2025",718,33
2025-08-05,7fpBz6uo504,5 Big Myths About Israel and Palestine Busted!,"Jul 29, 2025",718,11
2025-08-06,7fpBz6uo504,5 Big Myths About Israel and Palestine Busted!,"Jul 29, 2025",718,5
2025-08-07,7fpBz6uo504,5 Big Myths About Israel and Palestine Busted!,"Jul 29, 2025",718,8
2025-08-08,7fpBz6uo504,5 Big Myths About Israel and Palestine Busted!,"Jul 29, 2025",718,15
2025-08-09,7fpBz6uo504,5 Big Myths About Israel and Palestine Busted!,"Jul 29, 2025",718,7
2025-08-10,7fpBz6uo504,5 Big Myths About Israel and Palestine Busted!,"Jul 29, 2025",718,8
2025-08-11,7fpBz6uo504,5 Big Myths About Israel and Palestine Busted!,"Jul 29, 2025",718,12
2025-08-12,7fpBz6uo504,5 Big Myths About Israel and Palestine Busted!,"Jul 29, 2025",718,9
2025-08-13,7fpBz6uo504,5 Big Myths About Israel and Palestine Busted!,"Jul 29, 2025",718,14
2025-08-14,7fpBz6uo504,5 Big Myths About Israel and Palestine Busted!,"Jul 29, 2025",718,12
2025-08-15,7fpBz6uo504,5 Big Myths About Israel and Palestine Busted!,"Jul 29, 2025",718,2
2025-08-16,7fpBz6uo504,5 Big Myths About Israel and Palestine Busted!,"Jul 29, 2025",718,2
2025-08-17,7fpBz6uo504,5 Big Myths About Israel and Palestine Busted!,"Jul 29, 2025",718,11
2025-08-18,7fpBz6uo504,5 Big Myths About Israel and Palestine Busted!,"Jul 29, 2025",718,12
2025-08-19,7fpBz6uo504,5 Big Myths About Israel and Palestine Busted!,"Jul 29, 2025",718,0
2025-08-20,7fpBz6uo504,5 Big Myths About Israel and Palestine Busted!,"Jul 29, 2025",718,1
2025-08-21,7fpBz6uo504,5 Big Myths About Israel and Palestine Busted!,"Jul 29, 2025",718,2
2025-08-22,7fpBz6uo504,5 Big Myths About Israel and Palestine Busted!,"Jul 29, 2025",718,2
2025-08-23,7fpBz6uo504,5 Big Myths About Israel and Palestine Busted!,"Jul 29, 2025",718,38
2025-08-24,7fpBz6uo504,5 Big Myths About Israel and Palestine Busted!,"Jul 29, 2025",718,47
2025-08-25,7fpBz6uo504,5 Big Myths About Israel and Palestine Busted!,"Jul 29, 2025",718,9
2025-08-26,7fpBz6uo504,5 Big Myths About Israel and Palestine Busted!,"Jul 29, 2025",718,11
2025-08-27,7fpBz6uo504,5 Big Myths About Israel and Palestine Busted!,"Jul 29, 2025",718,1
2025-08-28,7fpBz6uo504,5 Big Myths About Israel and Palestine Busted!,"Jul 29, 2025",718,22
2025-08-29,7fpBz6uo504,5 Big Myths About Israel and Palestine Busted!,"Jul 29, 2025",718,29
2025-08-30,7fpBz6uo504,5 Big Myths About Israel and Palestine Busted!,"Jul 29, 2025",718,9
2025-08-31,7fpBz6uo504,5 Big Myths About Israel and Palestine Busted!,"Jul 29, 2025",718,11
2025-09-01,7fpBz6uo504,5 Big Myths About Israel and Palestine Busted!,"Jul 29, 2025",718,21
2025-09-02,7fpBz6uo504,5 Big Myths About Israel and Palestine Busted!,"Jul 29, 2025",718,0
2025-09-03,7fpBz6uo504,5 Big Myths About Israel and Palestine Busted!,"Jul 29, 2025",718,3
2025-09-04,7fpBz6uo504,5 Big Myths About Israel and Palestine Busted!,"Jul 29, 2025",718,2
2025-09-05,7fpBz6uo504,5 Big Myths About Israel and Palestine Busted!,"Jul 29, 2025",718,6
2025-09-06,7fpBz6uo504,5 Big Myths About Israel and Palestine Busted!,"Jul 29, 2025",718,9
2025-09-07,7fpBz6uo504,5 Big Myths About Israel and Palestine Busted!,"Jul 29, 2025",718,6
2025-09-08,7fpBz6uo504,5 Big Myths About Israel and Palestine Busted!,"Jul 29, 2025",718,17
2025-09-09,7fpBz6uo504,5 Big Myths About Israel and Palestine Busted!,"Jul 29, 2025",718,12
2025-09-10,7fpBz6uo504,5 Big Myths About Israel and Palestine Busted!,"Jul 29, 2025",718,3
2025-09-11,7fpBz6uo504,5 Big Myths About Israel and Palestine Busted!,"Jul 29, 2025",718,1
2025-09-12,7fpBz6uo504,5 Big Myths About Israel and Palestine Busted!,"Jul 29, 2025",718,1
2025-09-13,7fpBz6uo504,5 Big Myths About Israel and Palestine Busted!,"Jul 29, 2025",718,0
2025-09-14,7fpBz6uo504,5 Big Myths About Israel and Palestine Busted!,"Jul 29, 2025",718,0
2025-09-15,7fpBz6uo504,5 Big Myths About Israel and Palestine Busted!,"Jul 29, 2025",718,0
2025-09-16,7fpBz6uo504,5 Big Myths About Israel and Palestine Busted!,"Jul 29, 2025",718,0
2025-09-17,7fpBz6uo504,5 Big Myths About Israel and Palestine Busted!,"Jul 29, 2025",718,0
2025-09-18,7fpBz6uo504,5 Big Myths About Israel and Palestine Busted!,"Jul 29, 2025",718,0
2025-09-19,7fpBz6uo504,5 Big Myths About Israel and Palestine Busted!,"Jul 29, 2025",718,0
2025-09-20,7fpBz6uo504,5 Big Myths About Israel and Palestine Busted!,"Jul 29, 2025",718,0
2025-09-21,7fpBz6uo504,5 Big Myths About Israel and Palestine Busted!,"Jul 29, 2025",718,0
2025-09-22,7fpBz6uo504,5 Big Myths About Israel and Palestine Busted!,"Jul 29, 2025",718,0
2025-09-23,7fpBz6uo504,5 Big Myths About Israel and Palestine Busted!,"Jul 29, 2025",718,0
2025-09-24,7fpBz6uo504,5 Big Myths About Israel and Palestine Busted!,"Jul 29, 2025",718,0
2025-09-25,7fpBz6uo504,5 Big Myths About Israel and Palestine Busted!,"Jul 29, 2025",718,1
2025-09-26,7fpBz6uo504,5 Big Myths About Israel and Palestine Busted!,"Jul 29, 2025",718,4
2025-09-27,7fpBz6uo504,5 Big Myths About Israel and Palestine Busted!,"Jul 29, 2025",718,7
2025-09-28,7fpBz6uo504,5 Big Myths About Israel and Palestine Busted!,"Jul 29, 2025",718,6
2025-09-29,7fpBz6uo504,5 Big Myths About Israel and Palestine Busted!,"Jul 29, 2025",718,3
2025-09-30,7fpBz6uo504,5 Big Myths About Israel and Palestine Busted!,"Jul 29, 2025",718,0
2025-10-01,7fpBz6uo504,5 Big Myths About Israel and Palestine Busted!,"Jul 29, 2025",718,0
2025-10-02,7fpBz6uo504,5 Big Myths About Israel and Palestine Busted!,"Jul 29, 2025",718,1
2025-10-03,7fpBz6uo504,5 Big Myths About Israel and Palestine Busted!,"Jul 29, 2025",718,0
2025-10-04,7fpBz6uo504,5 Big Myths About Israel and Palestine Busted!,"Jul 29, 2025",718,0
2025-10-05,7fpBz6uo504,5 Big Myths About Israel and Palestine Busted!,"Jul 29, 2025",718,0
2025-10-06,7fpBz6uo504,5 Big Myths About Israel and Palestine Busted!,"Jul 29, 2025",718,0
2025-10-07,7fpBz6uo504,5 Big Myths About Israel and Palestine Busted!,"Jul 29, 2025",718,1
2025-10-08,7fpBz6uo504,5 Big Myths About Israel and Palestine Busted!,"Jul 29, 2025",718,0
2025-10-09,7fpBz6uo504,5 Big Myths About Israel and Palestine Busted!,"Jul 29, 2025",718,1
2025-10-10,7fpBz6uo504,5 Big Myths About Israel and Palestine Busted!,"Jul 29, 2025",718,0
2025-10-11,7fpBz6uo504,5 Big Myths About Israel and Palestine Busted!,"Jul 29, 2025",718,0
2025-10-12,7fpBz6uo504,5 Big Myths About Israel and Palestine Busted!,"Jul 29, 2025",718,0
2025-10-13,7fpBz6uo504,5 Big Myths About Israel and Palestine Busted!,"Jul 29, 2025",718,0
2025-10-14,7fpBz6uo504,5 Big Myths About Israel and Palestine Busted!,"Jul 29, 2025",718,2
2025-10-15,7fpBz6uo504,5 Big Myths About Israel and Palestine Busted!,"Jul 29, 2025",718,0
2025-10-16,7fpBz6uo504,5 Big Myths About Israel and Palestine Busted!,"Jul 29, 2025",718,6
2025-10-17,7fpBz6uo504,5 Big Myths About Israel and Palestine Busted!,"Jul 29, 2025",718,4
2025-10-18,7fpBz6uo504,5 Big Myths About Israel and Palestine Busted!,"Jul 29, 2025",718,1
2025-10-19,7fpBz6uo504,5 Big Myths About Israel and Palestine Busted!,"Jul 29, 2025",718,2
2025-10-20,7fpBz6uo504,5 Big Myths About Israel and Palestine Busted!,"Jul 29, 2025",718,1
2025-10-21,7fpBz6uo504,5 Big Myths About Israel and Palestine Busted!,"Jul 29, 2025",718,3
2025-10-22,7fpBz6uo504,5 Big Myths About Israel and Palestine Busted!,"Jul 29, 2025",718,5
2025-10-23,7fpBz6uo504,5 Big Myths About Israel and Palestine Busted!,"Jul 29, 2025",718,1
2025-10-24,7fpBz6uo504,5 Big Myths About Israel and Palestine Busted!,"Jul 29, 2025",718,1
2025-10-25,7fpBz6uo504,5 Big Myths About Israel and Palestine Busted!,"Jul 29, 2025",718,4
2025-10-26,7fpBz6uo504,5 Big Myths About Israel and Palestine Busted!,"Jul 29, 2025",718,0
2025-10-27,7fpBz6uo504,5 Big Myths About Israel and Palestine Busted!,"Jul 29, 2025",718,0
2025-10-28,7fpBz6uo504,5 Big Myths About Israel and Palestine Busted!,"Jul 29, 2025",718,0
2025-10-29,7fpBz6uo504,5 Big Myths About Israel and Palestine Busted!,"Jul 29, 2025",718,0
2025-10-30,7fpBz6uo504,5 Big Myths About Israel and Palestine Busted!,"Jul 29, 2025",718,1
2025-10-31,7fpBz6uo504,5 Big Myths About Israel and Palestine Busted!,"Jul 29, 2025",718,4
2025-11-01,7fpBz6uo504,5 Big Myths About Israel and Palestine Busted!,"Jul 29, 2025",718,1
2025-11-02,7fpBz6uo504,5 Big Myths About Israel and Palestine Busted!,"Jul 29, 2025",718,0
2025-11-03,7fpBz6uo504,5 Big Myths About Israel and Palestine Busted!,"Jul 29, 2025",718,0
2025-11-04,7fpBz6uo504,5 Big Myths About Israel and Palestine Busted!,"Jul 29, 2025",718,2
2025-11-05,7fpBz6uo504,5 Big Myths About Israel and Palestine Busted!,"Jul 29, 2025",718,2
2025-11-06,7fpBz6uo504,5 Big Myths About Israel and Palestine Busted!,"Jul 29, 2025",718,1
2025-11-07,7fpBz6uo504,5 Big Myths About Israel and Palestine Busted!,"Jul 29, 2025",718,1
2025-11-08,7fpBz6uo504,5 Big Myths About Israel and Palestine Busted!,"Jul 29, 2025",718,8
2025-11-09,7fpBz6uo504,5 Big Myths About Israel and Palestine Busted!,"Jul 29, 2025",718,5
2025-11-10,7fpBz6uo504,5 Big Myths About Israel and Palestine Busted!,"Jul 29, 2025",718,5
2025-11-11,7fpBz6uo504,5 Big Myths About Israel and Palestine Busted!,"Jul 29, 2025",718,0
2025-11-12,7fpBz6uo504,5 Big Myths About Israel and Palestine Busted!,"Jul 29, 2025",718,1
2025-11-13,7fpBz6uo504,5 Big Myths About Israel and Palestine Busted!,"Jul 29, 2025",718,0
2025-11-14,7fpBz6uo504,5 Big Myths About Israel and Palestine Busted!,"Jul 29, 2025",718,0
2025-11-15,7fpBz6uo504,5 Big Myths About Israel and Palestine Busted!,"Jul 29, 2025",718,0
2025-11-16,7fpBz6uo504,5 Big Myths About Israel and Palestine Busted!,"Jul 29, 2025",718,1
2025-11-17,7fpBz6uo504,5 Big Myths About Israel and Palestine Busted!,"Jul 29, 2025",718,0
2025-11-18,7fpBz6uo504,5 Big Myths About Israel and Palestine Busted!,"Jul 29, 2025",718,0
2025-11-19,7fpBz6uo504,5 Big Myths About Israel and Palestine Busted!,"Jul 29, 2025",718,0
2025-11-20,7fpBz6uo504,5 Big Myths About Israel and Palestine Busted!,"Jul 29, 2025",718,0
2025-11-21,7fpBz6uo504,5 Big Myths About Israel and Palestine Busted!,"Jul 29, 2025",718,0
2025-11-22,7fpBz6uo504,5 Big Myths About Israel and Palestine Busted!,"Jul 29, 2025",718,0
2025-11-23,7fpBz6uo504,5 Big Myths About Israel and Palestine Busted!,"Jul 29, 2025",718,0
2025-11-24,7fpBz6uo504,5 Big Myths About Israel and Palestine Busted!,"Jul 29, 2025",718,2
2025-11-25,7fpBz6uo504,5 Big Myths About Israel and Palestine Busted!,"Jul 29, 2025",718,0
2025-11-26,7fpBz6uo504,5 Big Myths About Israel and Palestine Busted!,"Jul 29, 2025",718,4
2025-11-27,7fpBz6uo504,5 Big Myths About Israel and Palestine Busted!,"Jul 29, 2025",718,0
2025-11-28,7fpBz6uo504,5 Big Myths About Israel and Palestine Busted!,"Jul 29, 2025",718,1
2025-11-29,7fpBz6uo504,5 Big Myths About Israel and Palestine Busted!,"Jul 29, 2025",718,1
2025-11-30,7fpBz6uo504,5 Big Myths About Israel and Palestine Busted!,"Jul 29, 2025",718,2
2025-12-01,7fpBz6uo504,5 Big Myths About Israel and Palestine Busted!,"Jul 29, 2025",718,0
2025-12-02,7fpBz6uo504,5 Big Myths About Israel and Palestine Busted!,"Jul 29, 2025",718,0
2025-12-03,7fpBz6uo504,5 Big Myths About Israel and Palestine Busted!,"Jul 29, 2025",718,0
2025-12-04,7fpBz6uo504,5 Big Myths About Israel and Palestine Busted!,"Jul 29, 2025",718,1
2025-12-05,7fpBz6uo504,5 Big Myths About Israel and Palestine Busted!,"Jul 29, 2025",718,0
2025-12-06,7fpBz6uo504,5 Big Myths About Israel and Palestine Busted!,"Jul 29, 2025",718,0
2025-12-07,7fpBz6uo504,5 Big Myths About Israel and Palestine Busted!,"Jul 29, 2025",718,0
2025-12-08,7fpBz6uo504,5 Big Myths About Israel and Palestine Busted!,"Jul 29, 2025",718,0
2025-12-09,7fpBz6uo504,5 Big Myths About Israel and Palestine Busted!,"Jul 29, 2025",718,0
2025-12-10,7fpBz6uo504,5 Big Myths About Israel and Palestine Busted!,"Jul 29, 2025",718,0
2025-12-11,7fpBz6uo504,5 Big Myths About Israel and Palestine Busted!,"Jul 29, 2025",718,0
2025-12-12,7fpBz6uo504,5 Big Myths About Israel and Palestine Busted!,"Jul 29, 2025",718,0
2025-12-13,7fpBz6uo504,5 Big Myths About Israel and Palestine Busted!,"Jul 29, 2025",718,0
2025-12-14,7fpBz6uo504,5 Big Myths About Israel and Palestine Busted!,"Jul 29, 2025",718,1
2025-12-15,7fpBz6uo504,5 Big Myths About Israel and Palestine Busted!,"Jul 29, 2025",718,0
2025-12-16,7fpBz6uo504,5 Big Myths About Israel and Palestine Busted!,"Jul 29, 2025",718,0
2025-12-17,7fpBz6uo504,5 Big Myths About Israel and Palestine Busted!,"Jul 29, 2025",718,0
2025-12-18,7fpBz6uo504,5 Big Myths About Israel and Palestine Busted!,"Jul 29, 2025",718,0
2025-12-19,7fpBz6uo504,5 Big Myths About Israel and Palestine Busted!,"Jul 29, 2025",718,0
2025-12-20,7fpBz6uo504,5 Big Myths About Israel and Palestine Busted!,"Jul 29, 2025",718,0
2025-12-21,7fpBz6uo504,5 Big Myths About Israel and Palestine Busted!,"Jul 29, 2025",718,0
2025-12-22,7fpBz6uo504,5 Big Myths About Israel and Palestine Busted!,"Jul 29, 2025",718,0
2025-12-23,7fpBz6uo504,5 Big Myths About Israel and Palestine Busted!,"Jul 29, 2025",718,0
2025-12-24,7fpBz6uo504,5 Big Myths About Israel and Palestine Busted!,"Jul 29, 2025",718,0
2025-12-25,7fpBz6uo504,5 Big Myths About Israel and Palestine Busted!,"Jul 29, 2025",718,1
2025-12-26,7fpBz6uo504,5 Big Myths About Israel and Palestine Busted!,"Jul 29, 2025",718,0
2025-12-27,7fpBz6uo504,5 Big Myths About Israel and Palestine Busted!,"Jul 29, 2025",718,0
2025-12-28,7fpBz6uo504,5 Big Myths About Israel and Palestine Busted!,"Jul 29, 2025",718,0
2025-12-29,7fpBz6uo504,5 Big Myths About Israel and Palestine Busted!,"Jul 29, 2025",718,0
2025-12-30,7fpBz6uo504,5 Big Myths About Israel and Palestine Busted!,"Jul 29, 2025",718,0
2025-12-31,7fpBz6uo504,5 Big Myths About Israel and Palestine Busted!,"Jul 29, 2025",718,2
2026-01-01,7fpBz6uo504,5 Big Myths About Israel and Palestine Busted!,"Jul 29, 2025",718,0
2026-01-02,7fpBz6uo504,5 Big Myths About Israel and Palestine Busted!,"Jul 29, 2025",718,0
2026-01-03,7fpBz6uo504,5 Big Myths About Israel and Palestine Busted!,"Jul 29, 2025",718,2
2026-01-04,7fpBz6uo504,5 Big Myths About Israel and Palestine Busted!,"Jul 29, 2025",718,0
2026-01-05,7fpBz6uo504,5 Big Myths About Israel and Palestine Busted!,"Jul 29, 2025",718,0
2026-01-06,7fpBz6uo504,5 Big Myths About Israel and Palestine Busted!,"Jul 29, 2025",718,0
2026-01-07,7fpBz6uo504,5 Big Myths About Israel and Palestine Busted!,"Jul 29, 2025",718,0
2026-01-08,7fpBz6uo504,5 Big Myths About Israel and Palestine Busted!,"Jul 29, 2025",718,0
2026-01-09,7fpBz6uo504,5 Big Myths About Israel and Palestine Busted!,"Jul 29, 2025",718,0
2026-01-10,7fpBz6uo504,5 Big Myths About Israel and Palestine Busted!,"Jul 29, 2025",718,0
2026-01-11,7fpBz6uo504,5 Big Myths About Israel and Palestine Busted!,"Jul 29, 2025",718,0
2026-01-12,7fpBz6uo504,5 Big Myths About Israel and Palestine Busted!,"Jul 29, 2025",718,0
2026-01-13,7fpBz6uo504,5 Big Myths About Israel and Palestine Busted!,"Jul 29, 2025",718,0
2026-01-14,7fpBz6uo504,5 Big Myths About Israel and Palestine Busted!,"Jul 29, 2025",718,0
2026-01-15,7fpBz6uo504,5 Big Myths About Israel and Palestine Busted!,"Jul 29, 2025",718,0
2026-01-16,7fpBz6uo504,5 Big Myths About Israel and Palestine Busted!,"Jul 29, 2025",718,0
2026-01-17,7fpBz6uo504,5 Big Myths About Israel and Palestine Busted!,"Jul 29, 2025",718,0
2026-01-18,7fpBz6uo504,5 Big Myths About Israel and Palestine Busted!,"Jul 29, 2025",718,0
2026-01-19,7fpBz6uo504,5 Big Myths About Israel and Palestine Busted!,"Jul 29, 2025",718,0
2026-01-20,7fpBz6uo504,5 Big Myths About Israel and Palestine Busted!,"Jul 29, 2025",718,0
2026-01-21,7fpBz6uo504,5 Big Myths About Israel and Palestine Busted!,"Jul 29, 2025",718,0
2026-01-22,7fpBz6uo504,5 Big Myths About Israel and Palestine Busted!,"Jul 29, 2025",718,1
2026-01-23,7fpBz6uo504,5 Big Myths About Israel and Palestine Busted!,"Jul 29, 2025",718,0
2026-01-24,7fpBz6uo504,5 Big Myths About Israel and Palestine Busted!,"Jul 29, 2025",718,0
2026-01-25,7fpBz6uo504,5 Big Myths About Israel and Palestine Busted!,"Jul 29, 2025",718,0
2026-01-26,7fpBz6uo504,5 Big Myths About Israel and Palestine Busted!,"Jul 29, 2025",718,1
2026-01-27,7fpBz6uo504,5 Big Myths About Israel and Palestine Busted!,"Jul 29, 2025",718,0
2026-01-28,7fpBz6uo504,5 Big Myths About Israel and Palestine Busted!,"Jul 29, 2025",718,0
2026-01-29,7fpBz6uo504,5 Big Myths About Israel and Palestine Busted!,"Jul 29, 2025",718,0
2026-01-30,7fpBz6uo504,5 Big Myths About Israel and Palestine Busted!,"Jul 29, 2025",718,0
2026-01-31,7fpBz6uo504,5 Big Myths About Israel and Palestine Busted!,"Jul 29, 2025",718,0
2026-02-01,7fpBz6uo504,5 Big Myths About Israel and Palestine Busted!,"Jul 29, 2025",718,0
2026-02-02,7fpBz6uo504,5 Big Myths About Israel and Palestine Busted!,"Jul 29, 2025",718,0
2026-02-03,7fpBz6uo504,5 Big Myths About Israel and Palestine Busted!,"Jul 29, 2025",718,0
2026-02-04,7fpBz6uo504,5 Big Myths About Israel and Palestine Busted!,"Jul 29, 2025",718,0
2026-02-05,7fpBz6uo504,5 Big Myths About Israel and Palestine Busted!,"Jul 29, 2025",718,0
2026-02-06,7fpBz6uo504,5 Big Myths About Israel and Palestine Busted!,"Jul 29, 2025",718,0
2026-02-07,7fpBz6uo504,5 Big Myths About Israel and Palestine Busted!,"Jul 29, 2025",718,0
2026-02-08,7fpBz6uo504,5 Big Myths About Israel and Palestine Busted!,"Jul 29, 2025",718,0
2026-02-09,7fpBz6uo504,5 Big Myths About Israel and Palestine Busted!,"Jul 29, 2025",718,0
2026-02-10,7fpBz6uo504,5 Big Myths About Israel and Palestine Busted!,"Jul 29, 2025",718,0
2026-02-11,7fpBz6uo504,5 Big Myths About Israel and Palestine Busted!,"Jul 29, 2025",718,0
2026-02-12,7fpBz6uo504,5 Big Myths About Israel and Palestine Busted!,"Jul 29, 2025",718,0
2026-02-13,7fpBz6uo504,5 Big Myths About Israel and Palestine Busted!,"Jul 29, 2025",718,0
2026-02-14,7fpBz6uo504,5 Big Myths About Israel and Palestine Busted!,"Jul 29, 2025",718,0
2026-02-15,7fpBz6uo504,5 Big Myths About Israel and Palestine Busted!,"Jul 29, 2025",718,0
2026-02-16,7fpBz6uo504,5 Big Myths About Israel and Palestine Busted!,"Jul 29, 2025",718,0
2026-02-17,7fpBz6uo504,5 Big Myths About Israel and Palestine Busted!,"Jul 29, 2025",718,0
2026-02-18,7fpBz6uo504,5 Big Myths About Israel and Palestine Busted!,"Jul 29, 2025",718,0
2026-02-19,7fpBz6uo504,5 Big Myths About Israel and Palestine Busted!,"Jul 29, 2025",718,0
2026-02-20,7fpBz6uo504,5 Big Myths About Israel and Palestine Busted!,"Jul 29, 2025",718,0
2026-02-21,7fpBz6uo504,5 Big Myths About Israel and Palestine Busted!,"Jul 29, 2025",718,0
2026-02-22,7fpBz6uo504,5 Big Myths About Israel and Palestine Busted!,"Jul 29, 2025",718,0
2026-02-23,7fpBz6uo504,5 Big Myths About Israel and Palestine Busted!,"Jul 29, 2025",718,0
2026-02-24,7fpBz6uo504,5 Big Myths About Israel and Palestine Busted!,"Jul 29, 2025",718,0
2026-02-25,7fpBz6uo504,5 Big Myths About Israel and Palestine Busted!,"Jul 29, 2025",718,0
2026-02-26,7fpBz6uo504,5 Big Myths About Israel and Palestine Busted!,"Jul 29, 2025",718,0
2026-02-27,7fpBz6uo504,5 Big Myths About Israel and Palestine Busted!,"Jul 29, 2025",718,0
2026-02-28,7fpBz6uo504,5 Big Myths About Israel and Palestine Busted!,"Jul 29, 2025",718,0
2026-03-01,7fpBz6uo504,5 Big Myths About Israel and Palestine Busted!,"Jul 29, 2025",718,0
2026-03-02,7fpBz6uo504,5 Big Myths About Israel and Palestine Busted!,"Jul 29, 2025",718,0
2026-03-03,7fpBz6uo504,5 Big Myths About Israel and Palestine Busted!,"Jul 29, 2025",718,0
2026-03-04,7fpBz6uo504,5 Big Myths About Israel and Palestine Busted!,"Jul 29, 2025",718,0
2026-03-05,7fpBz6uo504,5 Big Myths About Israel and Palestine Busted!,"Jul 29, 2025",718,0
2026-03-06,7fpBz6uo504,5 Big Myths About Israel and Palestine Busted!,"Jul 29, 2025",718,0
2026-03-07,7fpBz6uo504,5 Big Myths About Israel and Palestine Busted!,"Jul 29, 2025",718,0
2026-03-08,7fpBz6uo504,5 Big Myths About Israel and Palestine Busted!,"Jul 29, 2025",718,0
2026-03-09,7fpBz6uo504,5 Big Myths About Israel and Palestine Busted!,"Jul 29, 2025",718,0
2026-03-10,7fpBz6uo504,5 Big Myths About Israel and Palestine Busted!,"Jul 29, 2025",718,0
2026-03-11,7fpBz6uo504,5 Big Myths About Israel and Palestine Busted!,"Jul 29, 2025",718,0
2026-03-12,7fpBz6uo504,5 Big Myths About Israel and Palestine Busted!,"Jul 29, 2025",718,0
2026-03-13,7fpBz6uo504,5 Big Myths About Israel and Palestine Busted!,"Jul 29, 2025",718,0
2026-03-14,7fpBz6uo504,5 Big Myths About Israel and Palestine Busted!,"Jul 29, 2025",718,0
2026-03-15,7fpBz6uo504,5 Big Myths About Israel and Palestine Busted!,"Jul 29, 2025",718,2
2026-03-16,7fpBz6uo504,5 Big Myths About Israel and Palestine Busted!,"Jul 29, 2025",718,0
2026-03-17,7fpBz6uo504,5 Big Myths About Israel and Palestine Busted!,"Jul 29, 2025",718,0
2026-03-18,7fpBz6uo504,5 Big Myths About Israel and Palestine Busted!,"Jul 29, 2025",718,0
2026-03-19,7fpBz6uo504,5 Big Myths About Israel and Palestine Busted!,"Jul 29, 2025",718,0
2026-03-20,7fpBz6uo504,5 Big Myths About Israel and Palestine Busted!,"Jul 29, 2025",718,0
2026-03-21,7fpBz6uo504,5 Big Myths About Israel and Palestine Busted!,"Jul 29, 2025",718,0
2026-03-22,7fpBz6uo504,5 Big Myths About Israel and Palestine Busted!,"Jul 29, 2025",718,0
2026-03-23,7fpBz6uo504,5 Big Myths About Israel and Palestine Busted!,"Jul 29, 2025",718,0
2026-03-24,7fpBz6uo504,5 Big Myths About Israel and Palestine Busted!,"Jul 29, 2025",718,0
2026-03-25,7fpBz6uo504,5 Big Myths About Israel and Palestine Busted!,"Jul 29, 2025",718,0
2026-03-26,7fpBz6uo504,5 Big Myths About Israel and Palestine Busted!,"Jul 29, 2025",718,0
2026-03-27,7fpBz6uo504,5 Big Myths About Israel and Palestine Busted!,"Jul 29, 2025",718,0
2026-03-28,7fpBz6uo504,5 Big Myths About Israel and Palestine Busted!,"Jul 29, 2025",718,0
2026-03-29,7fpBz6uo504,5 Big Myths About Israel and Palestine Busted!,"Jul 29, 2025",718,0
2026-03-30,7fpBz6uo504,5 Big Myths About Israel and Palestine Busted!,"Jul 29, 2025",718,0
2026-03-31,7fpBz6uo504,5 Big Myths About Israel and Palestine Busted!,"Jul 29, 2025",718,0
2026-04-01,7fpBz6uo504,5 Big Myths About Israel and Palestine Busted!,"Jul 29, 2025",718,0
2026-04-02,7fpBz6uo504,5 Big Myths About Israel and Palestine Busted!,"Jul 29, 2025",718,0
2026-04-03,7fpBz6uo504,5 Big Myths About Israel and Palestine Busted!,"Jul 29, 2025",718,0
2026-04-04,7fpBz6uo504,5 Big Myths About Israel and Palestine Busted!,"Jul 29, 2025",718,0
2026-04-05,7fpBz6uo504,5 Big Myths About Israel and Palestine Busted!,"Jul 29, 2025",718,0
2026-04-06,7fpBz6uo504,5 Big Myths About Israel and Palestine Busted!,"Jul 29, 2025",718,0
2026-04-07,7fpBz6uo504,5 Big Myths About Israel and Palestine Busted!,"Jul 29, 2025",718,0
2026-04-08,7fpBz6uo504,5 Big Myths About Israel and Palestine Busted!,"Jul 29, 2025",718,0
2026-04-09,7fpBz6uo504,5 Big Myths About Israel and Palestine Busted!,"Jul 29, 2025",718,0
2026-04-10,7fpBz6uo504,5 Big Myths About Israel and Palestine Busted!,"Jul 29, 2025",718,0
2026-04-11,7fpBz6uo504,5 Big Myths About Israel and Palestine Busted!,"Jul 29, 2025",718,0
2026-04-12,7fpBz6uo504,5 Big Myths About Israel and Palestine Busted!,"Jul 29, 2025",718,0
2026-04-13,7fpBz6uo504,5 Big Myths About Israel and Palestine Busted!,"Jul 29, 2025",718,0
2026-04-14,7fpBz6uo504,5 Big Myths About Israel and Palestine Busted!,"Jul 29, 2025",718,0
2026-04-15,7fpBz6uo504,5 Big Myths About Israel and Palestine Busted!,"Jul 29, 2025",718,0
2026-04-16,7fpBz6uo504,5 Big Myths About Israel and Palestine Busted!,"Jul 29, 2025",718,1
2026-04-17,7fpBz6uo504,5 Big Myths About Israel and Palestine Busted!,"Jul 29, 2025",718,0
2026-04-18,7fpBz6uo504,5 Big Myths About Israel and Palestine Busted!,"Jul 29, 2025",718,0
2026-04-19,7fpBz6uo504,5 Big Myths About Israel and Palestine Busted!,"Jul 29, 2025",718,0
2026-04-20,7fpBz6uo504,5 Big Myths About Israel and Palestine Busted!,"Jul 29, 2025",718,0
2026-04-21,7fpBz6uo504,5 Big Myths About Israel and Palestine Busted!,"Jul 29, 2025",718,0
2026-04-22,7fpBz6uo504,5 Big Myths About Israel and Palestine Busted!,"Jul 29, 2025",718,0
2026-04-23,7fpBz6uo504,5 Big Myths About Israel and Palestine Busted!,"Jul 29, 2025",718,0
2026-04-24,7fpBz6uo504,5 Big Myths About Israel and Palestine Busted!,"Jul 29, 2025",718,0
2026-04-25,7fpBz6uo504,5 Big Myths About Israel and Palestine Busted!,"Jul 29, 2025",718,0
2026-04-26,7fpBz6uo504,5 Big Myths About Israel and Palestine Busted!,"Jul 29, 2025",718,0
2026-04-27,7fpBz6uo504,5 Big Myths About Israel and Palestine Busted!,"Jul 29, 2025",718,0
2026-04-28,7fpBz6uo504,5 Big Myths About Israel and Palestine Busted!,"Jul 29, 2025",718,2
2026-04-29,7fpBz6uo504,5 Big Myths About Israel and Palestine Busted!,"Jul 29, 2025",718,0
2026-04-30,7fpBz6uo504,5 Big Myths About Israel and Palestine Busted!,"Jul 29, 2025",718,0
2026-05-01,7fpBz6uo504,5 Big Myths About Israel and Palestine Busted!,"Jul 29, 2025",718,1
2026-05-02,7fpBz6uo504,5 Big Myths About Israel and Palestine Busted!,"Jul 29, 2025",718,0
2026-05-03,7fpBz6uo504,5 Big Myths About Israel and Palestine Busted!,"Jul 29, 2025",718,2
2026-05-04,7fpBz6uo504,5 Big Myths About Israel and Palestine Busted!,"Jul 29, 2025",718,0
2026-05-05,7fpBz6uo504,5 Big Myths About Israel and Palestine Busted!,"Jul 29, 2025",718,0
2026-05-06,7fpBz6uo504,5 Big Myths About Israel and Palestine Busted!,"Jul 29, 2025",718,0
2026-05-07,7fpBz6uo504,5 Big Myths About Israel and Palestine Busted!,"Jul 29, 2025",718,0
2026-05-08,7fpBz6uo504,5 Big Myths About Israel and Palestine Busted!,"Jul 29, 2025",718,0
2026-05-09,7fpBz6uo504,5 Big Myths About Israel and Palestine Busted!,"Jul 29, 2025",718,0
2026-05-10,7fpBz6uo504,5 Big Myths About Israel and Palestine Busted!,"Jul 29, 2025",718,0
2026-05-11,7fpBz6uo504,5 Big Myths About Israel and Palestine Busted!,"Jul 29, 2025",718,1
2026-05-12,7fpBz6uo504,5 Big Myths About Israel and Palestine Busted!,"Jul 29, 2025",718,1
2026-05-13,7fpBz6uo504,5 Big Myths About Israel and Palestine Busted!,"Jul 29, 2025",718,0
2026-05-14,7fpBz6uo504,5 Big Myths About Israel and Palestine Busted!,"Jul 29, 2025",718,0
2026-05-15,7fpBz6uo504,5 Big Myths About Israel and Palestine Busted!,"Jul 29, 2025",718,1
2026-05-16,7fpBz6uo504,5 Big Myths About Israel and Palestine Busted!,"Jul 29, 2025",718,0
2026-05-17,7fpBz6uo504,5 Big Myths About Israel and Palestine Busted!,"Jul 29, 2025",718,0
2026-05-18,7fpBz6uo504,5 Big Myths About Israel and Palestine Busted!,"Jul 29, 2025",718,0
2026-05-19,7fpBz6uo504,5 Big Myths About Israel and Palestine Busted!,"Jul 29, 2025",718,0
2026-05-20,7fpBz6uo504,5 Big Myths About Israel and Palestine Busted!,"Jul 29, 2025",718,0
2026-05-21,7fpBz6uo504,5 Big Myths About Israel and Palestine Busted!,"Jul 29, 2025",718,0
2026-05-22,7fpBz6uo504,5 Big Myths About Israel and Palestine Busted!,"Jul 29, 2025",718,0
2026-05-23,7fpBz6uo504,5 Big Myths About Israel and Palestine Busted!,"Jul 29, 2025",718,0
2026-05-24,7fpBz6uo504,5 Big Myths About Israel and Palestine Busted!,"Jul 29, 2025",718,0
2026-05-25,7fpBz6uo504,5 Big Myths About Israel and Palestine Busted!,"Jul 29, 2025",718,0
2026-05-26,7fpBz6uo504,5 Big Myths About Israel and Palestine Busted!,"Jul 29, 2025",718,0
2026-05-27,7fpBz6uo504,5 Big Myths About Israel and Palestine Busted!,"Jul 29, 2025",718,0
2026-05-28,7fpBz6uo504,5 Big Myths About Israel and Palestine Busted!,"Jul 29, 2025",718,0
2026-05-29,7fpBz6uo504,5 Big Myths About Israel and Palestine Busted!,"Jul 29, 2025",718,0
2026-05-30,7fpBz6uo504,5 Big Myths About Israel and Palestine Busted!,"Jul 29, 2025",718,0
2026-05-31,7fpBz6uo504,5 Big Myths About Israel and Palestine Busted!,"Jul 29, 2025",718,2
2026-06-01,7fpBz6uo504,5 Big Myths About Israel and Palestine Busted!,"Jul 29, 2025",718,0
2026-06-02,7fpBz6uo504,5 Big Myths About Israel and Palestine Busted!,"Jul 29, 2025",718,0
2026-06-03,7fpBz6uo504,5 Big Myths About Israel and Palestine Busted!,"Jul 29, 2025",718,0
2026-06-04,7fpBz6uo504,5 Big Myths About Israel and Palestine Busted!,"Jul 29, 2025",718,0
2026-06-05,7fpBz6uo504,5 Big Myths About Israel and Palestine Busted!,"Jul 29, 2025",718,0
2026-06-06,7fpBz6uo504,5 Big Myths About Israel and Palestine Busted!,"Jul 29, 2025",718,0
2026-06-07,7fpBz6uo504,5 Big Myths About Israel and Palestine Busted!,"Jul 29, 2025",718,0
2026-06-08,7fpBz6uo504,5 Big Myths About Israel and Palestine Busted!,"Jul 29, 2025",718,0
2026-06-09,7fpBz6uo504,5 Big Myths About Israel and Palestine Busted!,"Jul 29, 2025",718,0
2026-06-10,7fpBz6uo504,5 Big Myths About Israel and Palestine Busted!,"Jul 29, 2025",718,0
2026-06-11,7fpBz6uo504,5 Big Myths About Israel and Palestine Busted!,"Jul 29, 2025",718,0
2026-06-12,7fpBz6uo504,5 Big Myths About Israel and Palestine Busted!,"Jul 29, 2025",718,0
2026-06-13,7fpBz6uo504,5 Big Myths About Israel and Palestine Busted!,"Jul 29, 2025",718,0
2026-06-14,7fpBz6uo504,5 Big Myths About Israel and Palestine Busted!,"Jul 29, 2025",718,0
2026-06-15,7fpBz6uo504,5 Big Myths About Israel and Palestine Busted!,"Jul 29, 2025",718,0
2026-06-16,7fpBz6uo504,5 Big Myths About Israel and Palestine Busted!,"Jul 29, 2025",718,0
2026-06-17,7fpBz6uo504,5 Big Myths About Israel and Palestine Busted!,"Jul 29, 2025",718,0
2026-06-18,7fpBz6uo504,5 Big Myths About Israel and Palestine Busted!,"Jul 29, 2025",718,0
2026-06-19,7fpBz6uo504,5 Big Myths About Israel and Palestine Busted!,"Jul 29, 2025",718,0
2026-06-20,7fpBz6uo504,5 Big Myths About Israel and Palestine Busted!,"Jul 29, 2025",718,0
2026-06-21,7fpBz6uo504,5 Big Myths About Israel and Palestine Busted!,"Jul 29, 2025",718,0
2026-06-22,7fpBz6uo504,5 Big Myths About Israel and Palestine Busted!,"Jul 29, 2025",718,0
2026-06-23,7fpBz6uo504,5 Big Myths About Israel and Palestine Busted!,"Jul 29, 2025",718,0
2026-06-24,7fpBz6uo504,5 Big Myths About Israel and Palestine Busted!,"Jul 29, 2025",718,0
2026-06-25,7fpBz6uo504,5 Big Myths About Israel and Palestine Busted!,"Jul 29, 2025",718,0
2026-06-26,7fpBz6uo504,5 Big Myths About Israel and Palestine Busted!,"Jul 29, 2025",718,0
2026-06-27,7fpBz6uo504,5 Big Myths About Israel and Palestine Busted!,"Jul 29, 2025",718,0
2026-06-28,7fpBz6uo504,5 Big Myths About Israel and Palestine Busted!,"Jul 29, 2025",718,0
2026-06-29,7fpBz6uo504,5 Big Myths About Israel and Palestine Busted!,"Jul 29, 2025",718,0
2026-06-30,7fpBz6uo504,5 Big Myths About Israel and Palestine Busted!,"Jul 29, 2025",718,0
2026-07-01,7fpBz6uo504,5 Big Myths About Israel and Palestine Busted!,"Jul 29, 2025",718,0
2026-07-02,7fpBz6uo504,5 Big Myths About Israel and Palestine Busted!,"Jul 29, 2025",718,1
2026-07-03,7fpBz6uo504,5 Big Myths About Israel and Palestine Busted!,"Jul 29, 2025",718,1
2026-07-04,7fpBz6uo504,5 Big Myths About Israel and Palestine Busted!,"Jul 29, 2025",718,0
2026-07-05,7fpBz6uo504,5 Big Myths About Israel and Palestine Busted!,"Jul 29, 2025",718,1
2026-07-06,7fpBz6uo504,5 Big Myths About Israel and Palestine Busted!,"Jul 29, 2025",718,0
2026-07-07,7fpBz6uo504,5 Big Myths About Israel and Palestine Busted!,"Jul 29, 2025",718,0
2026-07-08,7fpBz6uo504,5 Big Myths About Israel and Palestine Busted!,"Jul 29, 2025",718,0
2026-07-09,7fpBz6uo504,5 Big Myths About Israel and Palestine Busted!,"Jul 29, 2025",718,0
2026-07-10,7fpBz6uo504,5 Big Myths About Israel and Palestine Busted!,"Jul 29, 2025",718,0
2026-07-11,7fpBz6uo504,5 Big Myths About Israel and Palestine Busted!,"Jul 29, 2025",718,0
2026-07-12,7fpBz6uo504,5 Big Myths About Israel and Palestine Busted!,"Jul 29, 2025",718,0
2026-07-13,7fpBz6uo504,5 Big Myths About Israel and Palestine Busted!,"Jul 29, 2025",718,0
2026-07-14,7fpBz6uo504,5 Big Myths About Israel and Palestine Busted!,"Jul 29, 2025",718,0
2026-07-15,7fpBz6uo504,5 Big Myths About Israel and Palestine Busted!,"Jul 29, 2025",718,0
2026-07-16,7fpBz6uo504,5 Big Myths About Israel and Palestine Busted!,"Jul 29, 2025",718,0
2026-07-17,7fpBz6uo504,5 Big Myths About Israel and Palestine Busted!,"Jul 29, 2025",718,0
2026-07-18,7fpBz6uo504,5 Big Myths About Israel and Palestine Busted!,"Jul 29, 2025",718,0
2026-07-19,7fpBz6uo504,5 Big Myths About Israel and Palestine Busted!,"Jul 29, 2025",718,0
2026-07-20,7fpBz6uo504,5 Big Myths About Israel and Palestine Busted!,"Jul 29, 2025",718,0
2026-07-21,7fpBz6uo504,5 Big Myths About Israel and Palestine Busted!,"Jul 29, 2025",718,0
2025-07-22,XbGl1Kcspt4,Guatemala vs Belize Dispute: What 3 ICJ Cases Show,"Dec 4, 2025",668,0
2025-07-23,XbGl1Kcspt4,Guatemala vs Belize Dispute: What 3 ICJ Cases Show,"Dec 4, 2025",668,0
2025-07-24,XbGl1Kcspt4,Guatemala vs Belize Dispute: What 3 ICJ Cases Show,"Dec 4, 2025",668,0
2025-07-25,XbGl1Kcspt4,Guatemala vs Belize Dispute: What 3 ICJ Cases Show,"Dec 4, 2025",668,0
2025-07-26,XbGl1Kcspt4,Guatemala vs Belize Dispute: What 3 ICJ Cases Show,"Dec 4, 2025",668,0
2025-07-27,XbGl1Kcspt4,Guatemala vs Belize Dispute: What 3 ICJ Cases Show,"Dec 4, 2025",668,0
2025-07-28,XbGl1Kcspt4,Guatemala vs Belize Dispute: What 3 ICJ Cases Show,"Dec 4, 2025",668,0
2025-07-29,XbGl1Kcspt4,Guatemala vs Belize Dispute: What 3 ICJ Cases Show,"Dec 4, 2025",668,0
2025-07-30,XbGl1Kcspt4,Guatemala vs Belize Dispute: What 3 ICJ Cases Show,"Dec 4, 2025",668,0
2025-07-31,XbGl1Kcspt4,Guatemala vs Belize Dispute: What 3 ICJ Cases Show,"Dec 4, 2025",668,0
2025-08-01,XbGl1Kcspt4,Guatemala vs Belize Dispute: What 3 ICJ Cases Show,"Dec 4, 2025",668,0
2025-08-02,XbGl1Kcspt4,Guatemala vs Belize Dispute: What 3 ICJ Cases Show,"Dec 4, 2025",668,0
2025-08-03,XbGl1Kcspt4,Guatemala vs Belize Dispute: What 3 ICJ Cases Show,"Dec 4, 2025",668,0
2025-08-04,XbGl1Kcspt4,Guatemala vs Belize Dispute: What 3 ICJ Cases Show,"Dec 4, 2025",668,0
2025-08-05,XbGl1Kcspt4,Guatemala vs Belize Dispute: What 3 ICJ Cases Show,"Dec 4, 2025",668,0
2025-08-06,XbGl1Kcspt4,Guatemala vs Belize Dispute: What 3 ICJ Cases Show,"Dec 4, 2025",668,0
2025-08-07,XbGl1Kcspt4,Guatemala vs Belize Dispute: What 3 ICJ Cases Show,"Dec 4, 2025",668,0
2025-08-08,XbGl1Kcspt4,Guatemala vs Belize Dispute: What 3 ICJ Cases Show,"Dec 4, 2025",668,0
2025-08-09,XbGl1Kcspt4,Guatemala vs Belize Dispute: What 3 ICJ Cases Show,"Dec 4, 2025",668,0
2025-08-10,XbGl1Kcspt4,Guatemala vs Belize Dispute: What 3 ICJ Cases Show,"Dec 4, 2025",668,0
2025-08-11,XbGl1Kcspt4,Guatemala vs Belize Dispute: What 3 ICJ Cases Show,"Dec 4, 2025",668,0
2025-08-12,XbGl1Kcspt4,Guatemala vs Belize Dispute: What 3 ICJ Cases Show,"Dec 4, 2025",668,0
2025-08-13,XbGl1Kcspt4,Guatemala vs Belize Dispute: What 3 ICJ Cases Show,"Dec 4, 2025",668,0
2025-08-14,XbGl1Kcspt4,Guatemala vs Belize Dispute: What 3 ICJ Cases Show,"Dec 4, 2025",668,0
2025-08-15,XbGl1Kcspt4,Guatemala vs Belize Dispute: What 3 ICJ Cases Show,"Dec 4, 2025",668,0
2025-08-16,XbGl1Kcspt4,Guatemala vs Belize Dispute: What 3 ICJ Cases Show,"Dec 4, 2025",668,0
2025-08-17,XbGl1Kcspt4,Guatemala vs Belize Dispute: What 3 ICJ Cases Show,"Dec 4, 2025",668,0
2025-08-18,XbGl1Kcspt4,Guatemala vs Belize Dispute: What 3 ICJ Cases Show,"Dec 4, 2025",668,0
2025-08-19,XbGl1Kcspt4,Guatemala vs Belize Dispute: What 3 ICJ Cases Show,"Dec 4, 2025",668,0
2025-08-20,XbGl1Kcspt4,Guatemala vs Belize Dispute: What 3 ICJ Cases Show,"Dec 4, 2025",668,0
2025-08-21,XbGl1Kcspt4,Guatemala vs Belize Dispute: What 3 ICJ Cases Show,"Dec 4, 2025",668,0
2025-08-22,XbGl1Kcspt4,Guatemala vs Belize Dispute: What 3 ICJ Cases Show,"Dec 4, 2025",668,0
2025-08-23,XbGl1Kcspt4,Guatemala vs Belize Dispute: What 3 ICJ Cases Show,"Dec 4, 2025",668,0
2025-08-24,XbGl1Kcspt4,Guatemala vs Belize Dispute: What 3 ICJ Cases Show,"Dec 4, 2025",668,0
2025-08-25,XbGl1Kcspt4,Guatemala vs Belize Dispute: What 3 ICJ Cases Show,"Dec 4, 2025",668,0
2025-08-26,XbGl1Kcspt4,Guatemala vs Belize Dispute: What 3 ICJ Cases Show,"Dec 4, 2025",668,0
2025-08-27,XbGl1Kcspt4,Guatemala vs Belize Dispute: What 3 ICJ Cases Show,"Dec 4, 2025",668,0
2025-08-28,XbGl1Kcspt4,Guatemala vs Belize Dispute: What 3 ICJ Cases Show,"Dec 4, 2025",668,0
2025-08-29,XbGl1Kcspt4,Guatemala vs Belize Dispute: What 3 ICJ Cases Show,"Dec 4, 2025",668,0
2025-08-30,XbGl1Kcspt4,Guatemala vs Belize Dispute: What 3 ICJ Cases Show,"Dec 4, 2025",668,0
2025-08-31,XbGl1Kcspt4,Guatemala vs Belize Dispute: What 3 ICJ Cases Show,"Dec 4, 2025",668,0
2025-09-01,XbGl1Kcspt4,Guatemala vs Belize Dispute: What 3 ICJ Cases Show,"Dec 4, 2025",668,0
2025-09-02,XbGl1Kcspt4,Guatemala vs Belize Dispute: What 3 ICJ Cases Show,"Dec 4, 2025",668,0
2025-09-03,XbGl1Kcspt4,Guatemala vs Belize Dispute: What 3 ICJ Cases Show,"Dec 4, 2025",668,0
2025-09-04,XbGl1Kcspt4,Guatemala vs Belize Dispute: What 3 ICJ Cases Show,"Dec 4, 2025",668,0
2025-09-05,XbGl1Kcspt4,Guatemala vs Belize Dispute: What 3 ICJ Cases Show,"Dec 4, 2025",668,0
2025-09-06,XbGl1Kcspt4,Guatemala vs Belize Dispute: What 3 ICJ Cases Show,"Dec 4, 2025",668,0
2025-09-07,XbGl1Kcspt4,Guatemala vs Belize Dispute: What 3 ICJ Cases Show,"Dec 4, 2025",668,0
2025-09-08,XbGl1Kcspt4,Guatemala vs Belize Dispute: What 3 ICJ Cases Show,"Dec 4, 2025",668,0
2025-09-09,XbGl1Kcspt4,Guatemala vs Belize Dispute: What 3 ICJ Cases Show,"Dec 4, 2025",668,0
2025-09-10,XbGl1Kcspt4,Guatemala vs Belize Dispute: What 3 ICJ Cases Show,"Dec 4, 2025",668,0
2025-09-11,XbGl1Kcspt4,Guatemala vs Belize Dispute: What 3 ICJ Cases Show,"Dec 4, 2025",668,0
2025-09-12,XbGl1Kcspt4,Guatemala vs Belize Dispute: What 3 ICJ Cases Show,"Dec 4, 2025",668,0
2025-09-13,XbGl1Kcspt4,Guatemala vs Belize Dispute: What 3 ICJ Cases Show,"Dec 4, 2025",668,0
2025-09-14,XbGl1Kcspt4,Guatemala vs Belize Dispute: What 3 ICJ Cases Show,"Dec 4, 2025",668,0
2025-09-15,XbGl1Kcspt4,Guatemala vs Belize Dispute: What 3 ICJ Cases Show,"Dec 4, 2025",668,0
2025-09-16,XbGl1Kcspt4,Guatemala vs Belize Dispute: What 3 ICJ Cases Show,"Dec 4, 2025",668,0
2025-09-17,XbGl1Kcspt4,Guatemala vs Belize Dispute: What 3 ICJ Cases Show,"Dec 4, 2025",668,0
2025-09-18,XbGl1Kcspt4,Guatemala vs Belize Dispute: What 3 ICJ Cases Show,"Dec 4, 2025",668,0
2025-09-19,XbGl1Kcspt4,Guatemala vs Belize Dispute: What 3 ICJ Cases Show,"Dec 4, 2025",668,0
2025-09-20,XbGl1Kcspt4,Guatemala vs Belize Dispute: What 3 ICJ Cases Show,"Dec 4, 2025",668,0
2025-09-21,XbGl1Kcspt4,Guatemala vs Belize Dispute: What 3 ICJ Cases Show,"Dec 4, 2025",668,0
2025-09-22,XbGl1Kcspt4,Guatemala vs Belize Dispute: What 3 ICJ Cases Show,"Dec 4, 2025",668,0
2025-09-23,XbGl1Kcspt4,Guatemala vs Belize Dispute: What 3 ICJ Cases Show,"Dec 4, 2025",668,0
2025-09-24,XbGl1Kcspt4,Guatemala vs Belize Dispute: What 3 ICJ Cases Show,"Dec 4, 2025",668,0
2025-09-25,XbGl1Kcspt4,Guatemala vs Belize Dispute: What 3 ICJ Cases Show,"Dec 4, 2025",668,0
2025-09-26,XbGl1Kcspt4,Guatemala vs Belize Dispute: What 3 ICJ Cases Show,"Dec 4, 2025",668,0
2025-09-27,XbGl1Kcspt4,Guatemala vs Belize Dispute: What 3 ICJ Cases Show,"Dec 4, 2025",668,0
2025-09-28,XbGl1Kcspt4,Guatemala vs Belize Dispute: What 3 ICJ Cases Show,"Dec 4, 2025",668,0
2025-09-29,XbGl1Kcspt4,Guatemala vs Belize Dispute: What 3 ICJ Cases Show,"Dec 4, 2025",668,0
2025-09-30,XbGl1Kcspt4,Guatemala vs Belize Dispute: What 3 ICJ Cases Show,"Dec 4, 2025",668,0
2025-10-01,XbGl1Kcspt4,Guatemala vs Belize Dispute: What 3 ICJ Cases Show,"Dec 4, 2025",668,0
2025-10-02,XbGl1Kcspt4,Guatemala vs Belize Dispute: What 3 ICJ Cases Show,"Dec 4, 2025",668,0
2025-10-03,XbGl1Kcspt4,Guatemala vs Belize Dispute: What 3 ICJ Cases Show,"Dec 4, 2025",668,0
2025-10-04,XbGl1Kcspt4,Guatemala vs Belize Dispute: What 3 ICJ Cases Show,"Dec 4, 2025",668,0
2025-10-05,XbGl1Kcspt4,Guatemala vs Belize Dispute: What 3 ICJ Cases Show,"Dec 4, 2025",668,0
2025-10-06,XbGl1Kcspt4,Guatemala vs Belize Dispute: What 3 ICJ Cases Show,"Dec 4, 2025",668,0
2025-10-07,XbGl1Kcspt4,Guatemala vs Belize Dispute: What 3 ICJ Cases Show,"Dec 4, 2025",668,0
2025-10-08,XbGl1Kcspt4,Guatemala vs Belize Dispute: What 3 ICJ Cases Show,"Dec 4, 2025",668,0
2025-10-09,XbGl1Kcspt4,Guatemala vs Belize Dispute: What 3 ICJ Cases Show,"Dec 4, 2025",668,0
2025-10-10,XbGl1Kcspt4,Guatemala vs Belize Dispute: What 3 ICJ Cases Show,"Dec 4, 2025",668,0
2025-10-11,XbGl1Kcspt4,Guatemala vs Belize Dispute: What 3 ICJ Cases Show,"Dec 4, 2025",668,0
2025-10-12,XbGl1Kcspt4,Guatemala vs Belize Dispute: What 3 ICJ Cases Show,"Dec 4, 2025",668,0
2025-10-13,XbGl1Kcspt4,Guatemala vs Belize Dispute: What 3 ICJ Cases Show,"Dec 4, 2025",668,0
2025-10-14,XbGl1Kcspt4,Guatemala vs Belize Dispute: What 3 ICJ Cases Show,"Dec 4, 2025",668,0
2025-10-15,XbGl1Kcspt4,Guatemala vs Belize Dispute: What 3 ICJ Cases Show,"Dec 4, 2025",668,0
2025-10-16,XbGl1Kcspt4,Guatemala vs Belize Dispute: What 3 ICJ Cases Show,"Dec 4, 2025",668,0
2025-10-17,XbGl1Kcspt4,Guatemala vs Belize Dispute: What 3 ICJ Cases Show,"Dec 4, 2025",668,0
2025-10-18,XbGl1Kcspt4,Guatemala vs Belize Dispute: What 3 ICJ Cases Show,"Dec 4, 2025",668,0
2025-10-19,XbGl1Kcspt4,Guatemala vs Belize Dispute: What 3 ICJ Cases Show,"Dec 4, 2025",668,0
2025-10-20,XbGl1Kcspt4,Guatemala vs Belize Dispute: What 3 ICJ Cases Show,"Dec 4, 2025",668,0
2025-10-21,XbGl1Kcspt4,Guatemala vs Belize Dispute: What 3 ICJ Cases Show,"Dec 4, 2025",668,0
2025-10-22,XbGl1Kcspt4,Guatemala vs Belize Dispute: What 3 ICJ Cases Show,"Dec 4, 2025",668,0
2025-10-23,XbGl1Kcspt4,Guatemala vs Belize Dispute: What 3 ICJ Cases Show,"Dec 4, 2025",668,0
2025-10-24,XbGl1Kcspt4,Guatemala vs Belize Dispute: What 3 ICJ Cases Show,"Dec 4, 2025",668,0
2025-10-25,XbGl1Kcspt4,Guatemala vs Belize Dispute: What 3 ICJ Cases Show,"Dec 4, 2025",668,0
2025-10-26,XbGl1Kcspt4,Guatemala vs Belize Dispute: What 3 ICJ Cases Show,"Dec 4, 2025",668,0
2025-10-27,XbGl1Kcspt4,Guatemala vs Belize Dispute: What 3 ICJ Cases Show,"Dec 4, 2025",668,0
2025-10-28,XbGl1Kcspt4,Guatemala vs Belize Dispute: What 3 ICJ Cases Show,"Dec 4, 2025",668,0
2025-10-29,XbGl1Kcspt4,Guatemala vs Belize Dispute: What 3 ICJ Cases Show,"Dec 4, 2025",668,0
2025-10-30,XbGl1Kcspt4,Guatemala vs Belize Dispute: What 3 ICJ Cases Show,"Dec 4, 2025",668,0
2025-10-31,XbGl1Kcspt4,Guatemala vs Belize Dispute: What 3 ICJ Cases Show,"Dec 4, 2025",668,0
2025-11-01,XbGl1Kcspt4,Guatemala vs Belize Dispute: What 3 ICJ Cases Show,"Dec 4, 2025",668,0
2025-11-02,XbGl1Kcspt4,Guatemala vs Belize Dispute: What 3 ICJ Cases Show,"Dec 4, 2025",668,0
2025-11-03,XbGl1Kcspt4,Guatemala vs Belize Dispute: What 3 ICJ Cases Show,"Dec 4, 2025",668,0
2025-11-04,XbGl1Kcspt4,Guatemala vs Belize Dispute: What 3 ICJ Cases Show,"Dec 4, 2025",668,0
2025-11-05,XbGl1Kcspt4,Guatemala vs Belize Dispute: What 3 ICJ Cases Show,"Dec 4, 2025",668,0
2025-11-06,XbGl1Kcspt4,Guatemala vs Belize Dispute: What 3 ICJ Cases Show,"Dec 4, 2025",668,0
2025-11-07,XbGl1Kcspt4,Guatemala vs Belize Dispute: What 3 ICJ Cases Show,"Dec 4, 2025",668,0
2025-11-08,XbGl1Kcspt4,Guatemala vs Belize Dispute: What 3 ICJ Cases Show,"Dec 4, 2025",668,0
2025-11-09,XbGl1Kcspt4,Guatemala vs Belize Dispute: What 3 ICJ Cases Show,"Dec 4, 2025",668,0
2025-11-10,XbGl1Kcspt4,Guatemala vs Belize Dispute: What 3 ICJ Cases Show,"Dec 4, 2025",668,0
2025-11-11,XbGl1Kcspt4,Guatemala vs Belize Dispute: What 3 ICJ Cases Show,"Dec 4, 2025",668,0
2025-11-12,XbGl1Kcspt4,Guatemala vs Belize Dispute: What 3 ICJ Cases Show,"Dec 4, 2025",668,0
2025-11-13,XbGl1Kcspt4,Guatemala vs Belize Dispute: What 3 ICJ Cases Show,"Dec 4, 2025",668,0
2025-11-14,XbGl1Kcspt4,Guatemala vs Belize Dispute: What 3 ICJ Cases Show,"Dec 4, 2025",668,0
2025-11-15,XbGl1Kcspt4,Guatemala vs Belize Dispute: What 3 ICJ Cases Show,"Dec 4, 2025",668,0
2025-11-16,XbGl1Kcspt4,Guatemala vs Belize Dispute: What 3 ICJ Cases Show,"Dec 4, 2025",668,0
2025-11-17,XbGl1Kcspt4,Guatemala vs Belize Dispute: What 3 ICJ Cases Show,"Dec 4, 2025",668,0
2025-11-18,XbGl1Kcspt4,Guatemala vs Belize Dispute: What 3 ICJ Cases Show,"Dec 4, 2025",668,0
2025-11-19,XbGl1Kcspt4,Guatemala vs Belize Dispute: What 3 ICJ Cases Show,"Dec 4, 2025",668,0
2025-11-20,XbGl1Kcspt4,Guatemala vs Belize Dispute: What 3 ICJ Cases Show,"Dec 4, 2025",668,0
2025-11-21,XbGl1Kcspt4,Guatemala vs Belize Dispute: What 3 ICJ Cases Show,"Dec 4, 2025",668,0
2025-11-22,XbGl1Kcspt4,Guatemala vs Belize Dispute: What 3 ICJ Cases Show,"Dec 4, 2025",668,0
2025-11-23,XbGl1Kcspt4,Guatemala vs Belize Dispute: What 3 ICJ Cases Show,"Dec 4, 2025",668,0
2025-11-24,XbGl1Kcspt4,Guatemala vs Belize Dispute: What 3 ICJ Cases Show,"Dec 4, 2025",668,0
2025-11-25,XbGl1Kcspt4,Guatemala vs Belize Dispute: What 3 ICJ Cases Show,"Dec 4, 2025",668,0
2025-11-26,XbGl1Kcspt4,Guatemala vs Belize Dispute: What 3 ICJ Cases Show,"Dec 4, 2025",668,0
2025-11-27,XbGl1Kcspt4,Guatemala vs Belize Dispute: What 3 ICJ Cases Show,"Dec 4, 2025",668,0
2025-11-28,XbGl1Kcspt4,Guatemala vs Belize Dispute: What 3 ICJ Cases Show,"Dec 4, 2025",668,0
2025-11-29,XbGl1Kcspt4,Guatemala vs Belize Dispute: What 3 ICJ Cases Show,"Dec 4, 2025",668,0
2025-11-30,XbGl1Kcspt4,Guatemala vs Belize Dispute: What 3 ICJ Cases Show,"Dec 4, 2025",668,0
2025-12-01,XbGl1Kcspt4,Guatemala vs Belize Dispute: What 3 ICJ Cases Show,"Dec 4, 2025",668,0
2025-12-02,XbGl1Kcspt4,Guatemala vs Belize Dispute: What 3 ICJ Cases Show,"Dec 4, 2025",668,0
2025-12-03,XbGl1Kcspt4,Guatemala vs Belize Dispute: What 3 ICJ Cases Show,"Dec 4, 2025",668,0
2025-12-04,XbGl1Kcspt4,Guatemala vs Belize Dispute: What 3 ICJ Cases Show,"Dec 4, 2025",668,1249
2025-12-05,XbGl1Kcspt4,Guatemala vs Belize Dispute: What 3 ICJ Cases Show,"Dec 4, 2025",668,1857
2025-12-06,XbGl1Kcspt4,Guatemala vs Belize Dispute: What 3 ICJ Cases Show,"Dec 4, 2025",668,563
2025-12-07,XbGl1Kcspt4,Guatemala vs Belize Dispute: What 3 ICJ Cases Show,"Dec 4, 2025",668,421
2025-12-08,XbGl1Kcspt4,Guatemala vs Belize Dispute: What 3 ICJ Cases Show,"Dec 4, 2025",668,211
2025-12-09,XbGl1Kcspt4,Guatemala vs Belize Dispute: What 3 ICJ Cases Show,"Dec 4, 2025",668,110
2025-12-10,XbGl1Kcspt4,Guatemala vs Belize Dispute: What 3 ICJ Cases Show,"Dec 4, 2025",668,78
2025-12-11,XbGl1Kcspt4,Guatemala vs Belize Dispute: What 3 ICJ Cases Show,"Dec 4, 2025",668,49
2025-12-12,XbGl1Kcspt4,Guatemala vs Belize Dispute: What 3 ICJ Cases Show,"Dec 4, 2025",668,64
2025-12-13,XbGl1Kcspt4,Guatemala vs Belize Dispute: What 3 ICJ Cases Show,"Dec 4, 2025",668,38
2025-12-14,XbGl1Kcspt4,Guatemala vs Belize Dispute: What 3 ICJ Cases Show,"Dec 4, 2025",668,51
2025-12-15,XbGl1Kcspt4,Guatemala vs Belize Dispute: What 3 ICJ Cases Show,"Dec 4, 2025",668,69
2025-12-16,XbGl1Kcspt4,Guatemala vs Belize Dispute: What 3 ICJ Cases Show,"Dec 4, 2025",668,26
2025-12-17,XbGl1Kcspt4,Guatemala vs Belize Dispute: What 3 ICJ Cases Show,"Dec 4, 2025",668,1
2025-12-18,XbGl1Kcspt4,Guatemala vs Belize Dispute: What 3 ICJ Cases Show,"Dec 4, 2025",668,17
2025-12-19,XbGl1Kcspt4,Guatemala vs Belize Dispute: What 3 ICJ Cases Show,"Dec 4, 2025",668,18
2025-12-20,XbGl1Kcspt4,Guatemala vs Belize Dispute: What 3 ICJ Cases Show,"Dec 4, 2025",668,9
2025-12-21,XbGl1Kcspt4,Guatemala vs Belize Dispute: What 3 ICJ Cases Show,"Dec 4, 2025",668,13
2025-12-22,XbGl1Kcspt4,Guatemala vs Belize Dispute: What 3 ICJ Cases Show,"Dec 4, 2025",668,14
2025-12-23,XbGl1Kcspt4,Guatemala vs Belize Dispute: What 3 ICJ Cases Show,"Dec 4, 2025",668,13
2025-12-24,XbGl1Kcspt4,Guatemala vs Belize Dispute: What 3 ICJ Cases Show,"Dec 4, 2025",668,24
2025-12-25,XbGl1Kcspt4,Guatemala vs Belize Dispute: What 3 ICJ Cases Show,"Dec 4, 2025",668,12
2025-12-26,XbGl1Kcspt4,Guatemala vs Belize Dispute: What 3 ICJ Cases Show,"Dec 4, 2025",668,5
2025-12-27,XbGl1Kcspt4,Guatemala vs Belize Dispute: What 3 ICJ Cases Show,"Dec 4, 2025",668,7
2025-12-28,XbGl1Kcspt4,Guatemala vs Belize Dispute: What 3 ICJ Cases Show,"Dec 4, 2025",668,12
2025-12-29,XbGl1Kcspt4,Guatemala vs Belize Dispute: What 3 ICJ Cases Show,"Dec 4, 2025",668,21
2025-12-30,XbGl1Kcspt4,Guatemala vs Belize Dispute: What 3 ICJ Cases Show,"Dec 4, 2025",668,11
2025-12-31,XbGl1Kcspt4,Guatemala vs Belize Dispute: What 3 ICJ Cases Show,"Dec 4, 2025",668,13
2026-01-01,XbGl1Kcspt4,Guatemala vs Belize Dispute: What 3 ICJ Cases Show,"Dec 4, 2025",668,4
2026-01-02,XbGl1Kcspt4,Guatemala vs Belize Dispute: What 3 ICJ Cases Show,"Dec 4, 2025",668,5
2026-01-03,XbGl1Kcspt4,Guatemala vs Belize Dispute: What 3 ICJ Cases Show,"Dec 4, 2025",668,6
2026-01-04,XbGl1Kcspt4,Guatemala vs Belize Dispute: What 3 ICJ Cases Show,"Dec 4, 2025",668,6
2026-01-05,XbGl1Kcspt4,Guatemala vs Belize Dispute: What 3 ICJ Cases Show,"Dec 4, 2025",668,9
2026-01-06,XbGl1Kcspt4,Guatemala vs Belize Dispute: What 3 ICJ Cases Show,"Dec 4, 2025",668,11
2026-01-07,XbGl1Kcspt4,Guatemala vs Belize Dispute: What 3 ICJ Cases Show,"Dec 4, 2025",668,7
2026-01-08,XbGl1Kcspt4,Guatemala vs Belize Dispute: What 3 ICJ Cases Show,"Dec 4, 2025",668,1
2026-01-09,XbGl1Kcspt4,Guatemala vs Belize Dispute: What 3 ICJ Cases Show,"Dec 4, 2025",668,3
2026-01-10,XbGl1Kcspt4,Guatemala vs Belize Dispute: What 3 ICJ Cases Show,"Dec 4, 2025",668,6
2026-01-11,XbGl1Kcspt4,Guatemala vs Belize Dispute: What 3 ICJ Cases Show,"Dec 4, 2025",668,12
2026-01-12,XbGl1Kcspt4,Guatemala vs Belize Dispute: What 3 ICJ Cases Show,"Dec 4, 2025",668,8
2026-01-13,XbGl1Kcspt4,Guatemala vs Belize Dispute: What 3 ICJ Cases Show,"Dec 4, 2025",668,2
2026-01-14,XbGl1Kcspt4,Guatemala vs Belize Dispute: What 3 ICJ Cases Show,"Dec 4, 2025",668,7
2026-01-15,XbGl1Kcspt4,Guatemala vs Belize Dispute: What 3 ICJ Cases Show,"Dec 4, 2025",668,1
2026-01-16,XbGl1Kcspt4,Guatemala vs Belize Dispute: What 3 ICJ Cases Show,"Dec 4, 2025",668,0
2026-01-17,XbGl1Kcspt4,Guatemala vs Belize Dispute: What 3 ICJ Cases Show,"Dec 4, 2025",668,7
2026-01-18,XbGl1Kcspt4,Guatemala vs Belize Dispute: What 3 ICJ Cases Show,"Dec 4, 2025",668,3
2026-01-19,XbGl1Kcspt4,Guatemala vs Belize Dispute: What 3 ICJ Cases Show,"Dec 4, 2025",668,2
2026-01-20,XbGl1Kcspt4,Guatemala vs Belize Dispute: What 3 ICJ Cases Show,"Dec 4, 2025",668,0
2026-01-21,XbGl1Kcspt4,Guatemala vs Belize Dispute: What 3 ICJ Cases Show,"Dec 4, 2025",668,0
2026-01-22,XbGl1Kcspt4,Guatemala vs Belize Dispute: What 3 ICJ Cases Show,"Dec 4, 2025",668,2
2026-01-23,XbGl1Kcspt4,Guatemala vs Belize Dispute: What 3 ICJ Cases Show,"Dec 4, 2025",668,1
2026-01-24,XbGl1Kcspt4,Guatemala vs Belize Dispute: What 3 ICJ Cases Show,"Dec 4, 2025",668,0
2026-01-25,XbGl1Kcspt4,Guatemala vs Belize Dispute: What 3 ICJ Cases Show,"Dec 4, 2025",668,1
2026-01-26,XbGl1Kcspt4,Guatemala vs Belize Dispute: What 3 ICJ Cases Show,"Dec 4, 2025",668,2
2026-01-27,XbGl1Kcspt4,Guatemala vs Belize Dispute: What 3 ICJ Cases Show,"Dec 4, 2025",668,1
2026-01-28,XbGl1Kcspt4,Guatemala vs Belize Dispute: What 3 ICJ Cases Show,"Dec 4, 2025",668,0
2026-01-29,XbGl1Kcspt4,Guatemala vs Belize Dispute: What 3 ICJ Cases Show,"Dec 4, 2025",668,2
2026-01-30,XbGl1Kcspt4,Guatemala vs Belize Dispute: What 3 ICJ Cases Show,"Dec 4, 2025",668,1
2026-01-31,XbGl1Kcspt4,Guatemala vs Belize Dispute: What 3 ICJ Cases Show,"Dec 4, 2025",668,2
2026-02-01,XbGl1Kcspt4,Guatemala vs Belize Dispute: What 3 ICJ Cases Show,"Dec 4, 2025",668,0
2026-02-02,XbGl1Kcspt4,Guatemala vs Belize Dispute: What 3 ICJ Cases Show,"Dec 4, 2025",668,0
2026-02-03,XbGl1Kcspt4,Guatemala vs Belize Dispute: What 3 ICJ Cases Show,"Dec 4, 2025",668,0
2026-02-04,XbGl1Kcspt4,Guatemala vs Belize Dispute: What 3 ICJ Cases Show,"Dec 4, 2025",668,2
2026-02-05,XbGl1Kcspt4,Guatemala vs Belize Dispute: What 3 ICJ Cases Show,"Dec 4, 2025",668,0
2026-02-06,XbGl1Kcspt4,Guatemala vs Belize Dispute: What 3 ICJ Cases Show,"Dec 4, 2025",668,0
2026-02-07,XbGl1Kcspt4,Guatemala vs Belize Dispute: What 3 ICJ Cases Show,"Dec 4, 2025",668,0
2026-02-08,XbGl1Kcspt4,Guatemala vs Belize Dispute: What 3 ICJ Cases Show,"Dec 4, 2025",668,1
2026-02-09,XbGl1Kcspt4,Guatemala vs Belize Dispute: What 3 ICJ Cases Show,"Dec 4, 2025",668,0
2026-02-10,XbGl1Kcspt4,Guatemala vs Belize Dispute: What 3 ICJ Cases Show,"Dec 4, 2025",668,3
2026-02-11,XbGl1Kcspt4,Guatemala vs Belize Dispute: What 3 ICJ Cases Show,"Dec 4, 2025",668,1
2026-02-12,XbGl1Kcspt4,Guatemala vs Belize Dispute: What 3 ICJ Cases Show,"Dec 4, 2025",668,1
2026-02-13,XbGl1Kcspt4,Guatemala vs Belize Dispute: What 3 ICJ Cases Show,"Dec 4, 2025",668,1
2026-02-14,XbGl1Kcspt4,Guatemala vs Belize Dispute: What 3 ICJ Cases Show,"Dec 4, 2025",668,0
2026-02-15,XbGl1Kcspt4,Guatemala vs Belize Dispute: What 3 ICJ Cases Show,"Dec 4, 2025",668,2
2026-02-16,XbGl1Kcspt4,Guatemala vs Belize Dispute: What 3 ICJ Cases Show,"Dec 4, 2025",668,0
2026-02-17,XbGl1Kcspt4,Guatemala vs Belize Dispute: What 3 ICJ Cases Show,"Dec 4, 2025",668,0
2026-02-18,XbGl1Kcspt4,Guatemala vs Belize Dispute: What 3 ICJ Cases Show,"Dec 4, 2025",668,1
2026-02-19,XbGl1Kcspt4,Guatemala vs Belize Dispute: What 3 ICJ Cases Show,"Dec 4, 2025",668,1
2026-02-20,XbGl1Kcspt4,Guatemala vs Belize Dispute: What 3 ICJ Cases Show,"Dec 4, 2025",668,0
2026-02-21,XbGl1Kcspt4,Guatemala vs Belize Dispute: What 3 ICJ Cases Show,"Dec 4, 2025",668,1
2026-02-22,XbGl1Kcspt4,Guatemala vs Belize Dispute: What 3 ICJ Cases Show,"Dec 4, 2025",668,1
2026-02-23,XbGl1Kcspt4,Guatemala vs Belize Dispute: What 3 ICJ Cases Show,"Dec 4, 2025",668,0
2026-02-24,XbGl1Kcspt4,Guatemala vs Belize Dispute: What 3 ICJ Cases Show,"Dec 4, 2025",668,1
2026-02-25,XbGl1Kcspt4,Guatemala vs Belize Dispute: What 3 ICJ Cases Show,"Dec 4, 2025",668,0
2026-02-26,XbGl1Kcspt4,Guatemala vs Belize Dispute: What 3 ICJ Cases Show,"Dec 4, 2025",668,1
2026-02-27,XbGl1Kcspt4,Guatemala vs Belize Dispute: What 3 ICJ Cases Show,"Dec 4, 2025",668,2
2026-02-28,XbGl1Kcspt4,Guatemala vs Belize Dispute: What 3 ICJ Cases Show,"Dec 4, 2025",668,2
2026-03-01,XbGl1Kcspt4,Guatemala vs Belize Dispute: What 3 ICJ Cases Show,"Dec 4, 2025",668,1
2026-03-02,XbGl1Kcspt4,Guatemala vs Belize Dispute: What 3 ICJ Cases Show,"Dec 4, 2025",668,0
2026-03-03,XbGl1Kcspt4,Guatemala vs Belize Dispute: What 3 ICJ Cases Show,"Dec 4, 2025",668,1
2026-03-04,XbGl1Kcspt4,Guatemala vs Belize Dispute: What 3 ICJ Cases Show,"Dec 4, 2025",668,1
2026-03-05,XbGl1Kcspt4,Guatemala vs Belize Dispute: What 3 ICJ Cases Show,"Dec 4, 2025",668,0
2026-03-06,XbGl1Kcspt4,Guatemala vs Belize Dispute: What 3 ICJ Cases Show,"Dec 4, 2025",668,0
2026-03-07,XbGl1Kcspt4,Guatemala vs Belize Dispute: What 3 ICJ Cases Show,"Dec 4, 2025",668,1
2026-03-08,XbGl1Kcspt4,Guatemala vs Belize Dispute: What 3 ICJ Cases Show,"Dec 4, 2025",668,1
2026-03-09,XbGl1Kcspt4,Guatemala vs Belize Dispute: What 3 ICJ Cases Show,"Dec 4, 2025",668,0
2026-03-10,XbGl1Kcspt4,Guatemala vs Belize Dispute: What 3 ICJ Cases Show,"Dec 4, 2025",668,0
2026-03-11,XbGl1Kcspt4,Guatemala vs Belize Dispute: What 3 ICJ Cases Show,"Dec 4, 2025",668,1
2026-03-12,XbGl1Kcspt4,Guatemala vs Belize Dispute: What 3 ICJ Cases Show,"Dec 4, 2025",668,0
2026-03-13,XbGl1Kcspt4,Guatemala vs Belize Dispute: What 3 ICJ Cases Show,"Dec 4, 2025",668,0
2026-03-14,XbGl1Kcspt4,Guatemala vs Belize Dispute: What 3 ICJ Cases Show,"Dec 4, 2025",668,5
2026-03-15,XbGl1Kcspt4,Guatemala vs Belize Dispute: What 3 ICJ Cases Show,"Dec 4, 2025",668,3
2026-03-16,XbGl1Kcspt4,Guatemala vs Belize Dispute: What 3 ICJ Cases Show,"Dec 4, 2025",668,2
2026-03-17,XbGl1Kcspt4,Guatemala vs Belize Dispute: What 3 ICJ Cases Show,"Dec 4, 2025",668,0
2026-03-18,XbGl1Kcspt4,Guatemala vs Belize Dispute: What 3 ICJ Cases Show,"Dec 4, 2025",668,2
2026-03-19,XbGl1Kcspt4,Guatemala vs Belize Dispute: What 3 ICJ Cases Show,"Dec 4, 2025",668,17
2026-03-20,XbGl1Kcspt4,Guatemala vs Belize Dispute: What 3 ICJ Cases Show,"Dec 4, 2025",668,2
2026-03-21,XbGl1Kcspt4,Guatemala vs Belize Dispute: What 3 ICJ Cases Show,"Dec 4, 2025",668,3
2026-03-22,XbGl1Kcspt4,Guatemala vs Belize Dispute: What 3 ICJ Cases Show,"Dec 4, 2025",668,10
2026-03-23,XbGl1Kcspt4,Guatemala vs Belize Dispute: What 3 ICJ Cases Show,"Dec 4, 2025",668,3
2026-03-24,XbGl1Kcspt4,Guatemala vs Belize Dispute: What 3 ICJ Cases Show,"Dec 4, 2025",668,4
2026-03-25,XbGl1Kcspt4,Guatemala vs Belize Dispute: What 3 ICJ Cases Show,"Dec 4, 2025",668,5
2026-03-26,XbGl1Kcspt4,Guatemala vs Belize Dispute: What 3 ICJ Cases Show,"Dec 4, 2025",668,0
2026-03-27,XbGl1Kcspt4,Guatemala vs Belize Dispute: What 3 ICJ Cases Show,"Dec 4, 2025",668,7
2026-03-28,XbGl1Kcspt4,Guatemala vs Belize Dispute: What 3 ICJ Cases Show,"Dec 4, 2025",668,1
2026-03-29,XbGl1Kcspt4,Guatemala vs Belize Dispute: What 3 ICJ Cases Show,"Dec 4, 2025",668,2
2026-03-30,XbGl1Kcspt4,Guatemala vs Belize Dispute: What 3 ICJ Cases Show,"Dec 4, 2025",668,3
2026-03-31,XbGl1Kcspt4,Guatemala vs Belize Dispute: What 3 ICJ Cases Show,"Dec 4, 2025",668,9
2026-04-01,XbGl1Kcspt4,Guatemala vs Belize Dispute: What 3 ICJ Cases Show,"Dec 4, 2025",668,2
2026-04-02,XbGl1Kcspt4,Guatemala vs Belize Dispute: What 3 ICJ Cases Show,"Dec 4, 2025",668,6
2026-04-03,XbGl1Kcspt4,Guatemala vs Belize Dispute: What 3 ICJ Cases Show,"Dec 4, 2025",668,2
2026-04-04,XbGl1Kcspt4,Guatemala vs Belize Dispute: What 3 ICJ Cases Show,"Dec 4, 2025",668,1
2026-04-05,XbGl1Kcspt4,Guatemala vs Belize Dispute: What 3 ICJ Cases Show,"Dec 4, 2025",668,4
2026-04-06,XbGl1Kcspt4,Guatemala vs Belize Dispute: What 3 ICJ Cases Show,"Dec 4, 2025",668,0
2026-04-07,XbGl1Kcspt4,Guatemala vs Belize Dispute: What 3 ICJ Cases Show,"Dec 4, 2025",668,3
2026-04-08,XbGl1Kcspt4,Guatemala vs Belize Dispute: What 3 ICJ Cases Show,"Dec 4, 2025",668,1
2026-04-09,XbGl1Kcspt4,Guatemala vs Belize Dispute: What 3 ICJ Cases Show,"Dec 4, 2025",668,1
2026-04-10,XbGl1Kcspt4,Guatemala vs Belize Dispute: What 3 ICJ Cases Show,"Dec 4, 2025",668,8
2026-04-11,XbGl1Kcspt4,Guatemala vs Belize Dispute: What 3 ICJ Cases Show,"Dec 4, 2025",668,5
2026-04-12,XbGl1Kcspt4,Guatemala vs Belize Dispute: What 3 ICJ Cases Show,"Dec 4, 2025",668,0
2026-04-13,XbGl1Kcspt4,Guatemala vs Belize Dispute: What 3 ICJ Cases Show,"Dec 4, 2025",668,3
2026-04-14,XbGl1Kcspt4,Guatemala vs Belize Dispute: What 3 ICJ Cases Show,"Dec 4, 2025",668,7
2026-04-15,XbGl1Kcspt4,Guatemala vs Belize Dispute: What 3 ICJ Cases Show,"Dec 4, 2025",668,5
2026-04-16,XbGl1Kcspt4,Guatemala vs Belize Dispute: What 3 ICJ Cases Show,"Dec 4, 2025",668,1
2026-04-17,XbGl1Kcspt4,Guatemala vs Belize Dispute: What 3 ICJ Cases Show,"Dec 4, 2025",668,2
2026-04-18,XbGl1Kcspt4,Guatemala vs Belize Dispute: What 3 ICJ Cases Show,"Dec 4, 2025",668,1
2026-04-19,XbGl1Kcspt4,Guatemala vs Belize Dispute: What 3 ICJ Cases Show,"Dec 4, 2025",668,2
2026-04-20,XbGl1Kcspt4,Guatemala vs Belize Dispute: What 3 ICJ Cases Show,"Dec 4, 2025",668,1
2026-04-21,XbGl1Kcspt4,Guatemala vs Belize Dispute: What 3 ICJ Cases Show,"Dec 4, 2025",668,4
2026-04-22,XbGl1Kcspt4,Guatemala vs Belize Dispute: What 3 ICJ Cases Show,"Dec 4, 2025",668,1
2026-04-23,XbGl1Kcspt4,Guatemala vs Belize Dispute: What 3 ICJ Cases Show,"Dec 4, 2025",668,0
2026-04-24,XbGl1Kcspt4,Guatemala vs Belize Dispute: What 3 ICJ Cases Show,"Dec 4, 2025",668,1
2026-04-25,XbGl1Kcspt4,Guatemala vs Belize Dispute: What 3 ICJ Cases Show,"Dec 4, 2025",668,1
2026-04-26,XbGl1Kcspt4,Guatemala vs Belize Dispute: What 3 ICJ Cases Show,"Dec 4, 2025",668,1
2026-04-27,XbGl1Kcspt4,Guatemala vs Belize Dispute: What 3 ICJ Cases Show,"Dec 4, 2025",668,1
2026-04-28,XbGl1Kcspt4,Guatemala vs Belize Dispute: What 3 ICJ Cases Show,"Dec 4, 2025",668,3
2026-04-29,XbGl1Kcspt4,Guatemala vs Belize Dispute: What 3 ICJ Cases Show,"Dec 4, 2025",668,2
2026-04-30,XbGl1Kcspt4,Guatemala vs Belize Dispute: What 3 ICJ Cases Show,"Dec 4, 2025",668,2
2026-05-01,XbGl1Kcspt4,Guatemala vs Belize Dispute: What 3 ICJ Cases Show,"Dec 4, 2025",668,4
2026-05-02,XbGl1Kcspt4,Guatemala vs Belize Dispute: What 3 ICJ Cases Show,"Dec 4, 2025",668,1
2026-05-03,XbGl1Kcspt4,Guatemala vs Belize Dispute: What 3 ICJ Cases Show,"Dec 4, 2025",668,0
2026-05-04,XbGl1Kcspt4,Guatemala vs Belize Dispute: What 3 ICJ Cases Show,"Dec 4, 2025",668,0
2026-05-05,XbGl1Kcspt4,Guatemala vs Belize Dispute: What 3 ICJ Cases Show,"Dec 4, 2025",668,3
2026-05-06,XbGl1Kcspt4,Guatemala vs Belize Dispute: What 3 ICJ Cases Show,"Dec 4, 2025",668,0
2026-05-07,XbGl1Kcspt4,Guatemala vs Belize Dispute: What 3 ICJ Cases Show,"Dec 4, 2025",668,0
2026-05-08,XbGl1Kcspt4,Guatemala vs Belize Dispute: What 3 ICJ Cases Show,"Dec 4, 2025",668,3
2026-05-09,XbGl1Kcspt4,Guatemala vs Belize Dispute: What 3 ICJ Cases Show,"Dec 4, 2025",668,2
2026-05-10,XbGl1Kcspt4,Guatemala vs Belize Dispute: What 3 ICJ Cases Show,"Dec 4, 2025",668,1
2026-05-11,XbGl1Kcspt4,Guatemala vs Belize Dispute: What 3 ICJ Cases Show,"Dec 4, 2025",668,2
2026-05-12,XbGl1Kcspt4,Guatemala vs Belize Dispute: What 3 ICJ Cases Show,"Dec 4, 2025",668,5
2026-05-13,XbGl1Kcspt4,Guatemala vs Belize Dispute: What 3 ICJ Cases Show,"Dec 4, 2025",668,1
2026-05-14,XbGl1Kcspt4,Guatemala vs Belize Dispute: What 3 ICJ Cases Show,"Dec 4, 2025",668,7
2026-05-15,XbGl1Kcspt4,Guatemala vs Belize Dispute: What 3 ICJ Cases Show,"Dec 4, 2025",668,2
2026-05-16,XbGl1Kcspt4,Guatemala vs Belize Dispute: What 3 ICJ Cases Show,"Dec 4, 2025",668,4
2026-05-17,XbGl1Kcspt4,Guatemala vs Belize Dispute: What 3 ICJ Cases Show,"Dec 4, 2025",668,2
2026-05-18,XbGl1Kcspt4,Guatemala vs Belize Dispute: What 3 ICJ Cases Show,"Dec 4, 2025",668,4
2026-05-19,XbGl1Kcspt4,Guatemala vs Belize Dispute: What 3 ICJ Cases Show,"Dec 4, 2025",668,2
2026-05-20,XbGl1Kcspt4,Guatemala vs Belize Dispute: What 3 ICJ Cases Show,"Dec 4, 2025",668,6
2026-05-21,XbGl1Kcspt4,Guatemala vs Belize Dispute: What 3 ICJ Cases Show,"Dec 4, 2025",668,1
2026-05-22,XbGl1Kcspt4,Guatemala vs Belize Dispute: What 3 ICJ Cases Show,"Dec 4, 2025",668,1
2026-05-23,XbGl1Kcspt4,Guatemala vs Belize Dispute: What 3 ICJ Cases Show,"Dec 4, 2025",668,0
2026-05-24,XbGl1Kcspt4,Guatemala vs Belize Dispute: What 3 ICJ Cases Show,"Dec 4, 2025",668,6
2026-05-25,XbGl1Kcspt4,Guatemala vs Belize Dispute: What 3 ICJ Cases Show,"Dec 4, 2025",668,3
2026-05-26,XbGl1Kcspt4,Guatemala vs Belize Dispute: What 3 ICJ Cases Show,"Dec 4, 2025",668,2
2026-05-27,XbGl1Kcspt4,Guatemala vs Belize Dispute: What 3 ICJ Cases Show,"Dec 4, 2025",668,4
2026-05-28,XbGl1Kcspt4,Guatemala vs Belize Dispute: What 3 ICJ Cases Show,"Dec 4, 2025",668,2
2026-05-29,XbGl1Kcspt4,Guatemala vs Belize Dispute: What 3 ICJ Cases Show,"Dec 4, 2025",668,2
2026-05-30,XbGl1Kcspt4,Guatemala vs Belize Dispute: What 3 ICJ Cases Show,"Dec 4, 2025",668,3
2026-05-31,XbGl1Kcspt4,Guatemala vs Belize Dispute: What 3 ICJ Cases Show,"Dec 4, 2025",668,1
2026-06-01,XbGl1Kcspt4,Guatemala vs Belize Dispute: What 3 ICJ Cases Show,"Dec 4, 2025",668,2
2026-06-02,XbGl1Kcspt4,Guatemala vs Belize Dispute: What 3 ICJ Cases Show,"Dec 4, 2025",668,5
2026-06-03,XbGl1Kcspt4,Guatemala vs Belize Dispute: What 3 ICJ Cases Show,"Dec 4, 2025",668,3
2026-06-04,XbGl1Kcspt4,Guatemala vs Belize Dispute: What 3 ICJ Cases Show,"Dec 4, 2025",668,3
2026-06-05,XbGl1Kcspt4,Guatemala vs Belize Dispute: What 3 ICJ Cases Show,"Dec 4, 2025",668,0
2026-06-06,XbGl1Kcspt4,Guatemala vs Belize Dispute: What 3 ICJ Cases Show,"Dec 4, 2025",668,1
2026-06-07,XbGl1Kcspt4,Guatemala vs Belize Dispute: What 3 ICJ Cases Show,"Dec 4, 2025",668,3
2026-06-08,XbGl1Kcspt4,Guatemala vs Belize Dispute: What 3 ICJ Cases Show,"Dec 4, 2025",668,0
2026-06-09,XbGl1Kcspt4,Guatemala vs Belize Dispute: What 3 ICJ Cases Show,"Dec 4, 2025",668,0
2026-06-10,XbGl1Kcspt4,Guatemala vs Belize Dispute: What 3 ICJ Cases Show,"Dec 4, 2025",668,1
2026-06-11,XbGl1Kcspt4,Guatemala vs Belize Dispute: What 3 ICJ Cases Show,"Dec 4, 2025",668,3
2026-06-12,XbGl1Kcspt4,Guatemala vs Belize Dispute: What 3 ICJ Cases Show,"Dec 4, 2025",668,8
2026-06-13,XbGl1Kcspt4,Guatemala vs Belize Dispute: What 3 ICJ Cases Show,"Dec 4, 2025",668,5
2026-06-14,XbGl1Kcspt4,Guatemala vs Belize Dispute: What 3 ICJ Cases Show,"Dec 4, 2025",668,0
2026-06-15,XbGl1Kcspt4,Guatemala vs Belize Dispute: What 3 ICJ Cases Show,"Dec 4, 2025",668,1
2026-06-16,XbGl1Kcspt4,Guatemala vs Belize Dispute: What 3 ICJ Cases Show,"Dec 4, 2025",668,3
2026-06-17,XbGl1Kcspt4,Guatemala vs Belize Dispute: What 3 ICJ Cases Show,"Dec 4, 2025",668,1
2026-06-18,XbGl1Kcspt4,Guatemala vs Belize Dispute: What 3 ICJ Cases Show,"Dec 4, 2025",668,0
2026-06-19,XbGl1Kcspt4,Guatemala vs Belize Dispute: What 3 ICJ Cases Show,"Dec 4, 2025",668,1
2026-06-20,XbGl1Kcspt4,Guatemala vs Belize Dispute: What 3 ICJ Cases Show,"Dec 4, 2025",668,6
2026-06-21,XbGl1Kcspt4,Guatemala vs Belize Dispute: What 3 ICJ Cases Show,"Dec 4, 2025",668,3
2026-06-22,XbGl1Kcspt4,Guatemala vs Belize Dispute: What 3 ICJ Cases Show,"Dec 4, 2025",668,0
2026-06-23,XbGl1Kcspt4,Guatemala vs Belize Dispute: What 3 ICJ Cases Show,"Dec 4, 2025",668,0
2026-06-24,XbGl1Kcspt4,Guatemala vs Belize Dispute: What 3 ICJ Cases Show,"Dec 4, 2025",668,0
2026-06-25,XbGl1Kcspt4,Guatemala vs Belize Dispute: What 3 ICJ Cases Show,"Dec 4, 2025",668,5
2026-06-26,XbGl1Kcspt4,Guatemala vs Belize Dispute: What 3 ICJ Cases Show,"Dec 4, 2025",668,4
2026-06-27,XbGl1Kcspt4,Guatemala vs Belize Dispute: What 3 ICJ Cases Show,"Dec 4, 2025",668,5
2026-06-28,XbGl1Kcspt4,Guatemala vs Belize Dispute: What 3 ICJ Cases Show,"Dec 4, 2025",668,4
2026-06-29,XbGl1Kcspt4,Guatemala vs Belize Dispute: What 3 ICJ Cases Show,"Dec 4, 2025",668,3
2026-06-30,XbGl1Kcspt4,Guatemala vs Belize Dispute: What 3 ICJ Cases Show,"Dec 4, 2025",668,7
2026-07-01,XbGl1Kcspt4,Guatemala vs Belize Dispute: What 3 ICJ Cases Show,"Dec 4, 2025",668,12
2026-07-02,XbGl1Kcspt4,Guatemala vs Belize Dispute: What 3 ICJ Cases Show,"Dec 4, 2025",668,2
2026-07-03,XbGl1Kcspt4,Guatemala vs Belize Dispute: What 3 ICJ Cases Show,"Dec 4, 2025",668,11
2026-07-04,XbGl1Kcspt4,Guatemala vs Belize Dispute: What 3 ICJ Cases Show,"Dec 4, 2025",668,10
2026-07-05,XbGl1Kcspt4,Guatemala vs Belize Dispute: What 3 ICJ Cases Show,"Dec 4, 2025",668,33
2026-07-06,XbGl1Kcspt4,Guatemala vs Belize Dispute: What 3 ICJ Cases Show,"Dec 4, 2025",668,20
2026-07-07,XbGl1Kcspt4,Guatemala vs Belize Dispute: What 3 ICJ Cases Show,"Dec 4, 2025",668,7
2026-07-08,XbGl1Kcspt4,Guatemala vs Belize Dispute: What 3 ICJ Cases Show,"Dec 4, 2025",668,20
2026-07-09,XbGl1Kcspt4,Guatemala vs Belize Dispute: What 3 ICJ Cases Show,"Dec 4, 2025",668,4
2026-07-10,XbGl1Kcspt4,Guatemala vs Belize Dispute: What 3 ICJ Cases Show,"Dec 4, 2025",668,8
2026-07-11,XbGl1Kcspt4,Guatemala vs Belize Dispute: What 3 ICJ Cases Show,"Dec 4, 2025",668,4
2026-07-12,XbGl1Kcspt4,Guatemala vs Belize Dispute: What 3 ICJ Cases Show,"Dec 4, 2025",668,9
2026-07-13,XbGl1Kcspt4,Guatemala vs Belize Dispute: What 3 ICJ Cases Show,"Dec 4, 2025",668,8
2026-07-14,XbGl1Kcspt4,Guatemala vs Belize Dispute: What 3 ICJ Cases Show,"Dec 4, 2025",668,8
2026-07-15,XbGl1Kcspt4,Guatemala vs Belize Dispute: What 3 ICJ Cases Show,"Dec 4, 2025",668,9
2026-07-16,XbGl1Kcspt4,Guatemala vs Belize Dispute: What 3 ICJ Cases Show,"Dec 4, 2025",668,7
2026-07-17,XbGl1Kcspt4,Guatemala vs Belize Dispute: What 3 ICJ Cases Show,"Dec 4, 2025",668,5
2026-07-18,XbGl1Kcspt4,Guatemala vs Belize Dispute: What 3 ICJ Cases Show,"Dec 4, 2025",668,3
2026-07-19,XbGl1Kcspt4,Guatemala vs Belize Dispute: What 3 ICJ Cases Show,"Dec 4, 2025",668,4
2026-07-20,XbGl1Kcspt4,Guatemala vs Belize Dispute: What 3 ICJ Cases Show,"Dec 4, 2025",668,2
2026-07-21,XbGl1Kcspt4,Guatemala vs Belize Dispute: What 3 ICJ Cases Show,"Dec 4, 2025",668,0
2025-07-22,Y21EjQ0v9W4,The Country That Might Disappear: Guatemala vs Belize,"Oct 27, 2025",657,0
2025-07-23,Y21EjQ0v9W4,The Country That Might Disappear: Guatemala vs Belize,"Oct 27, 2025",657,0
2025-07-24,Y21EjQ0v9W4,The Country That Might Disappear: Guatemala vs Belize,"Oct 27, 2025",657,0
2025-07-25,Y21EjQ0v9W4,The Country That Might Disappear: Guatemala vs Belize,"Oct 27, 2025",657,0
2025-07-26,Y21EjQ0v9W4,The Country That Might Disappear: Guatemala vs Belize,"Oct 27, 2025",657,0
2025-07-27,Y21EjQ0v9W4,The Country That Might Disappear: Guatemala vs Belize,"Oct 27, 2025",657,0
2025-07-28,Y21EjQ0v9W4,The Country That Might Disappear: Guatemala vs Belize,"Oct 27, 2025",657,0
2025-07-29,Y21EjQ0v9W4,The Country That Might Disappear: Guatemala vs Belize,"Oct 27, 2025",657,0
2025-07-30,Y21EjQ0v9W4,The Country That Might Disappear: Guatemala vs Belize,"Oct 27, 2025",657,0
2025-07-31,Y21EjQ0v9W4,The Country That Might Disappear: Guatemala vs Belize,"Oct 27, 2025",657,0
2025-08-01,Y21EjQ0v9W4,The Country That Might Disappear: Guatemala vs Belize,"Oct 27, 2025",657,0
2025-08-02,Y21EjQ0v9W4,The Country That Might Disappear: Guatemala vs Belize,"Oct 27, 2025",657,0
2025-08-03,Y21EjQ0v9W4,The Country That Might Disappear: Guatemala vs Belize,"Oct 27, 2025",657,0
2025-08-04,Y21EjQ0v9W4,The Country That Might Disappear: Guatemala vs Belize,"Oct 27, 2025",657,0
2025-08-05,Y21EjQ0v9W4,The Country That Might Disappear: Guatemala vs Belize,"Oct 27, 2025",657,0
2025-08-06,Y21EjQ0v9W4,The Country That Might Disappear: Guatemala vs Belize,"Oct 27, 2025",657,0
2025-08-07,Y21EjQ0v9W4,The Country That Might Disappear: Guatemala vs Belize,"Oct 27, 2025",657,0
2025-08-08,Y21EjQ0v9W4,The Country That Might Disappear: Guatemala vs Belize,"Oct 27, 2025",657,0
2025-08-09,Y21EjQ0v9W4,The Country That Might Disappear: Guatemala vs Belize,"Oct 27, 2025",657,0
2025-08-10,Y21EjQ0v9W4,The Country That Might Disappear: Guatemala vs Belize,"Oct 27, 2025",657,0
2025-08-11,Y21EjQ0v9W4,The Country That Might Disappear: Guatemala vs Belize,"Oct 27, 2025",657,0
2025-08-12,Y21EjQ0v9W4,The Country That Might Disappear: Guatemala vs Belize,"Oct 27, 2025",657,0
2025-08-13,Y21EjQ0v9W4,The Country That Might Disappear: Guatemala vs Belize,"Oct 27, 2025",657,0
2025-08-14,Y21EjQ0v9W4,The Country That Might Disappear: Guatemala vs Belize,"Oct 27, 2025",657,0
2025-08-15,Y21EjQ0v9W4,The Country That Might Disappear: Guatemala vs Belize,"Oct 27, 2025",657,0
2025-08-16,Y21EjQ0v9W4,The Country That Might Disappear: Guatemala vs Belize,"Oct 27, 2025",657,0
2025-08-17,Y21EjQ0v9W4,The Country That Might Disappear: Guatemala vs Belize,"Oct 27, 2025",657,0
2025-08-18,Y21EjQ0v9W4,The Country That Might Disappear: Guatemala vs Belize,"Oct 27, 2025",657,0
2025-08-19,Y21EjQ0v9W4,The Country That Might Disappear: Guatemala vs Belize,"Oct 27, 2025",657,0
2025-08-20,Y21EjQ0v9W4,The Country That Might Disappear: Guatemala vs Belize,"Oct 27, 2025",657,0
2025-08-21,Y21EjQ0v9W4,The Country That Might Disappear: Guatemala vs Belize,"Oct 27, 2025",657,0
2025-08-22,Y21EjQ0v9W4,The Country That Might Disappear: Guatemala vs Belize,"Oct 27, 2025",657,0
2025-08-23,Y21EjQ0v9W4,The Country That Might Disappear: Guatemala vs Belize,"Oct 27, 2025",657,0
2025-08-24,Y21EjQ0v9W4,The Country That Might Disappear: Guatemala vs Belize,"Oct 27, 2025",657,0
2025-08-25,Y21EjQ0v9W4,The Country That Might Disappear: Guatemala vs Belize,"Oct 27, 2025",657,0
2025-08-26,Y21EjQ0v9W4,The Country That Might Disappear: Guatemala vs Belize,"Oct 27, 2025",657,0
2025-08-27,Y21EjQ0v9W4,The Country That Might Disappear: Guatemala vs Belize,"Oct 27, 2025",657,0
2025-08-28,Y21EjQ0v9W4,The Country That Might Disappear: Guatemala vs Belize,"Oct 27, 2025",657,0
2025-08-29,Y21EjQ0v9W4,The Country That Might Disappear: Guatemala vs Belize,"Oct 27, 2025",657,0
2025-08-30,Y21EjQ0v9W4,The Country That Might Disappear: Guatemala vs Belize,"Oct 27, 2025",657,0
2025-08-31,Y21EjQ0v9W4,The Country That Might Disappear: Guatemala vs Belize,"Oct 27, 2025",657,0
2025-09-01,Y21EjQ0v9W4,The Country That Might Disappear: Guatemala vs Belize,"Oct 27, 2025",657,0
2025-09-02,Y21EjQ0v9W4,The Country That Might Disappear: Guatemala vs Belize,"Oct 27, 2025",657,0
2025-09-03,Y21EjQ0v9W4,The Country That Might Disappear: Guatemala vs Belize,"Oct 27, 2025",657,0
2025-09-04,Y21EjQ0v9W4,The Country That Might Disappear: Guatemala vs Belize,"Oct 27, 2025",657,0
2025-09-05,Y21EjQ0v9W4,The Country That Might Disappear: Guatemala vs Belize,"Oct 27, 2025",657,0
2025-09-06,Y21EjQ0v9W4,The Country That Might Disappear: Guatemala vs Belize,"Oct 27, 2025",657,0
2025-09-07,Y21EjQ0v9W4,The Country That Might Disappear: Guatemala vs Belize,"Oct 27, 2025",657,0
2025-09-08,Y21EjQ0v9W4,The Country That Might Disappear: Guatemala vs Belize,"Oct 27, 2025",657,0
2025-09-09,Y21EjQ0v9W4,The Country That Might Disappear: Guatemala vs Belize,"Oct 27, 2025",657,0
2025-09-10,Y21EjQ0v9W4,The Country That Might Disappear: Guatemala vs Belize,"Oct 27, 2025",657,0
2025-09-11,Y21EjQ0v9W4,The Country That Might Disappear: Guatemala vs Belize,"Oct 27, 2025",657,0
2025-09-12,Y21EjQ0v9W4,The Country That Might Disappear: Guatemala vs Belize,"Oct 27, 2025",657,0
2025-09-13,Y21EjQ0v9W4,The Country That Might Disappear: Guatemala vs Belize,"Oct 27, 2025",657,0
2025-09-14,Y21EjQ0v9W4,The Country That Might Disappear: Guatemala vs Belize,"Oct 27, 2025",657,0
2025-09-15,Y21EjQ0v9W4,The Country That Might Disappear: Guatemala vs Belize,"Oct 27, 2025",657,0
2025-09-16,Y21EjQ0v9W4,The Country That Might Disappear: Guatemala vs Belize,"Oct 27, 2025",657,0
2025-09-17,Y21EjQ0v9W4,The Country That Might Disappear: Guatemala vs Belize,"Oct 27, 2025",657,0
2025-09-18,Y21EjQ0v9W4,The Country That Might Disappear: Guatemala vs Belize,"Oct 27, 2025",657,0
2025-09-19,Y21EjQ0v9W4,The Country That Might Disappear: Guatemala vs Belize,"Oct 27, 2025",657,0
2025-09-20,Y21EjQ0v9W4,The Country That Might Disappear: Guatemala vs Belize,"Oct 27, 2025",657,0
2025-09-21,Y21EjQ0v9W4,The Country That Might Disappear: Guatemala vs Belize,"Oct 27, 2025",657,0
2025-09-22,Y21EjQ0v9W4,The Country That Might Disappear: Guatemala vs Belize,"Oct 27, 2025",657,0
2025-09-23,Y21EjQ0v9W4,The Country That Might Disappear: Guatemala vs Belize,"Oct 27, 2025",657,0
2025-09-24,Y21EjQ0v9W4,The Country That Might Disappear: Guatemala vs Belize,"Oct 27, 2025",657,0
2025-09-25,Y21EjQ0v9W4,The Country That Might Disappear: Guatemala vs Belize,"Oct 27, 2025",657,0
2025-09-26,Y21EjQ0v9W4,The Country That Might Disappear: Guatemala vs Belize,"Oct 27, 2025",657,0
2025-09-27,Y21EjQ0v9W4,The Country That Might Disappear: Guatemala vs Belize,"Oct 27, 2025",657,0
2025-09-28,Y21EjQ0v9W4,The Country That Might Disappear: Guatemala vs Belize,"Oct 27, 2025",657,0
2025-09-29,Y21EjQ0v9W4,The Country That Might Disappear: Guatemala vs Belize,"Oct 27, 2025",657,0
2025-09-30,Y21EjQ0v9W4,The Country That Might Disappear: Guatemala vs Belize,"Oct 27, 2025",657,0
2025-10-01,Y21EjQ0v9W4,The Country That Might Disappear: Guatemala vs Belize,"Oct 27, 2025",657,0
2025-10-02,Y21EjQ0v9W4,The Country That Might Disappear: Guatemala vs Belize,"Oct 27, 2025",657,0
2025-10-03,Y21EjQ0v9W4,The Country That Might Disappear: Guatemala vs Belize,"Oct 27, 2025",657,0
2025-10-04,Y21EjQ0v9W4,The Country That Might Disappear: Guatemala vs Belize,"Oct 27, 2025",657,0
2025-10-05,Y21EjQ0v9W4,The Country That Might Disappear: Guatemala vs Belize,"Oct 27, 2025",657,0
2025-10-06,Y21EjQ0v9W4,The Country That Might Disappear: Guatemala vs Belize,"Oct 27, 2025",657,0
2025-10-07,Y21EjQ0v9W4,The Country That Might Disappear: Guatemala vs Belize,"Oct 27, 2025",657,0
2025-10-08,Y21EjQ0v9W4,The Country That Might Disappear: Guatemala vs Belize,"Oct 27, 2025",657,0
2025-10-09,Y21EjQ0v9W4,The Country That Might Disappear: Guatemala vs Belize,"Oct 27, 2025",657,0
2025-10-10,Y21EjQ0v9W4,The Country That Might Disappear: Guatemala vs Belize,"Oct 27, 2025",657,0
2025-10-11,Y21EjQ0v9W4,The Country That Might Disappear: Guatemala vs Belize,"Oct 27, 2025",657,0
2025-10-12,Y21EjQ0v9W4,The Country That Might Disappear: Guatemala vs Belize,"Oct 27, 2025",657,0
2025-10-13,Y21EjQ0v9W4,The Country That Might Disappear: Guatemala vs Belize,"Oct 27, 2025",657,0
2025-10-14,Y21EjQ0v9W4,The Country That Might Disappear: Guatemala vs Belize,"Oct 27, 2025",657,0
2025-10-15,Y21EjQ0v9W4,The Country That Might Disappear: Guatemala vs Belize,"Oct 27, 2025",657,0
2025-10-16,Y21EjQ0v9W4,The Country That Might Disappear: Guatemala vs Belize,"Oct 27, 2025",657,0
2025-10-17,Y21EjQ0v9W4,The Country That Might Disappear: Guatemala vs Belize,"Oct 27, 2025",657,0
2025-10-18,Y21EjQ0v9W4,The Country That Might Disappear: Guatemala vs Belize,"Oct 27, 2025",657,0
2025-10-19,Y21EjQ0v9W4,The Country That Might Disappear: Guatemala vs Belize,"Oct 27, 2025",657,0
2025-10-20,Y21EjQ0v9W4,The Country That Might Disappear: Guatemala vs Belize,"Oct 27, 2025",657,0
2025-10-21,Y21EjQ0v9W4,The Country That Might Disappear: Guatemala vs Belize,"Oct 27, 2025",657,0
2025-10-22,Y21EjQ0v9W4,The Country That Might Disappear: Guatemala vs Belize,"Oct 27, 2025",657,0
2025-10-23,Y21EjQ0v9W4,The Country That Might Disappear: Guatemala vs Belize,"Oct 27, 2025",657,0
2025-10-24,Y21EjQ0v9W4,The Country That Might Disappear: Guatemala vs Belize,"Oct 27, 2025",657,0
2025-10-25,Y21EjQ0v9W4,The Country That Might Disappear: Guatemala vs Belize,"Oct 27, 2025",657,0
2025-10-26,Y21EjQ0v9W4,The Country That Might Disappear: Guatemala vs Belize,"Oct 27, 2025",657,0
2025-10-27,Y21EjQ0v9W4,The Country That Might Disappear: Guatemala vs Belize,"Oct 27, 2025",657,18
2025-10-28,Y21EjQ0v9W4,The Country That Might Disappear: Guatemala vs Belize,"Oct 27, 2025",657,55
2025-10-29,Y21EjQ0v9W4,The Country That Might Disappear: Guatemala vs Belize,"Oct 27, 2025",657,44
2025-10-30,Y21EjQ0v9W4,The Country That Might Disappear: Guatemala vs Belize,"Oct 27, 2025",657,64
2025-10-31,Y21EjQ0v9W4,The Country That Might Disappear: Guatemala vs Belize,"Oct 27, 2025",657,9
2025-11-01,Y21EjQ0v9W4,The Country That Might Disappear: Guatemala vs Belize,"Oct 27, 2025",657,7
2025-11-02,Y21EjQ0v9W4,The Country That Might Disappear: Guatemala vs Belize,"Oct 27, 2025",657,20
2025-11-03,Y21EjQ0v9W4,The Country That Might Disappear: Guatemala vs Belize,"Oct 27, 2025",657,11
2025-11-04,Y21EjQ0v9W4,The Country That Might Disappear: Guatemala vs Belize,"Oct 27, 2025",657,9
2025-11-05,Y21EjQ0v9W4,The Country That Might Disappear: Guatemala vs Belize,"Oct 27, 2025",657,6
2025-11-06,Y21EjQ0v9W4,The Country That Might Disappear: Guatemala vs Belize,"Oct 27, 2025",657,24
2025-11-07,Y21EjQ0v9W4,The Country That Might Disappear: Guatemala vs Belize,"Oct 27, 2025",657,29
2025-11-08,Y21EjQ0v9W4,The Country That Might Disappear: Guatemala vs Belize,"Oct 27, 2025",657,16
2025-11-09,Y21EjQ0v9W4,The Country That Might Disappear: Guatemala vs Belize,"Oct 27, 2025",657,30
2025-11-10,Y21EjQ0v9W4,The Country That Might Disappear: Guatemala vs Belize,"Oct 27, 2025",657,46
2025-11-11,Y21EjQ0v9W4,The Country That Might Disappear: Guatemala vs Belize,"Oct 27, 2025",657,39
2025-11-12,Y21EjQ0v9W4,The Country That Might Disappear: Guatemala vs Belize,"Oct 27, 2025",657,29
2025-11-13,Y21EjQ0v9W4,The Country That Might Disappear: Guatemala vs Belize,"Oct 27, 2025",657,53
2025-11-14,Y21EjQ0v9W4,The Country That Might Disappear: Guatemala vs Belize,"Oct 27, 2025",657,55
2025-11-15,Y21EjQ0v9W4,The Country That Might Disappear: Guatemala vs Belize,"Oct 27, 2025",657,59
2025-11-16,Y21EjQ0v9W4,The Country That Might Disappear: Guatemala vs Belize,"Oct 27, 2025",657,142
2025-11-17,Y21EjQ0v9W4,The Country That Might Disappear: Guatemala vs Belize,"Oct 27, 2025",657,92
2025-11-18,Y21EjQ0v9W4,The Country That Might Disappear: Guatemala vs Belize,"Oct 27, 2025",657,196
2025-11-19,Y21EjQ0v9W4,The Country That Might Disappear: Guatemala vs Belize,"Oct 27, 2025",657,221
2025-11-20,Y21EjQ0v9W4,The Country That Might Disappear: Guatemala vs Belize,"Oct 27, 2025",657,159
2025-11-21,Y21EjQ0v9W4,The Country That Might Disappear: Guatemala vs Belize,"Oct 27, 2025",657,244
2025-11-22,Y21EjQ0v9W4,The Country That Might Disappear: Guatemala vs Belize,"Oct 27, 2025",657,395
2025-11-23,Y21EjQ0v9W4,The Country That Might Disappear: Guatemala vs Belize,"Oct 27, 2025",657,758
2025-11-24,Y21EjQ0v9W4,The Country That Might Disappear: Guatemala vs Belize,"Oct 27, 2025",657,1174
2025-11-25,Y21EjQ0v9W4,The Country That Might Disappear: Guatemala vs Belize,"Oct 27, 2025",657,2078
2025-11-26,Y21EjQ0v9W4,The Country That Might Disappear: Guatemala vs Belize,"Oct 27, 2025",657,2614
2025-11-27,Y21EjQ0v9W4,The Country That Might Disappear: Guatemala vs Belize,"Oct 27, 2025",657,2399
2025-11-28,Y21EjQ0v9W4,The Country That Might Disappear: Guatemala vs Belize,"Oct 27, 2025",657,2704
2025-11-29,Y21EjQ0v9W4,The Country That Might Disappear: Guatemala vs Belize,"Oct 27, 2025",657,2485
2025-11-30,Y21EjQ0v9W4,The Country That Might Disappear: Guatemala vs Belize,"Oct 27, 2025",657,1827
2025-12-01,Y21EjQ0v9W4,The Country That Might Disappear: Guatemala vs Belize,"Oct 27, 2025",657,1248
2025-12-02,Y21EjQ0v9W4,The Country That Might Disappear: Guatemala vs Belize,"Oct 27, 2025",657,1052
2025-12-03,Y21EjQ0v9W4,The Country That Might Disappear: Guatemala vs Belize,"Oct 27, 2025",657,992
2025-12-04,Y21EjQ0v9W4,The Country That Might Disappear: Guatemala vs Belize,"Oct 27, 2025",657,852
2025-12-05,Y21EjQ0v9W4,The Country That Might Disappear: Guatemala vs Belize,"Oct 27, 2025",657,784
2025-12-06,Y21EjQ0v9W4,The Country That Might Disappear: Guatemala vs Belize,"Oct 27, 2025",657,446
2025-12-07,Y21EjQ0v9W4,The Country That Might Disappear: Guatemala vs Belize,"Oct 27, 2025",657,512
2025-12-08,Y21EjQ0v9W4,The Country That Might Disappear: Guatemala vs Belize,"Oct 27, 2025",657,766
2025-12-09,Y21EjQ0v9W4,The Country That Might Disappear: Guatemala vs Belize,"Oct 27, 2025",657,724
2025-12-10,Y21EjQ0v9W4,The Country That Might Disappear: Guatemala vs Belize,"Oct 27, 2025",657,525
2025-12-11,Y21EjQ0v9W4,The Country That Might Disappear: Guatemala vs Belize,"Oct 27, 2025",657,273
2025-12-12,Y21EjQ0v9W4,The Country That Might Disappear: Guatemala vs Belize,"Oct 27, 2025",657,258
2025-12-13,Y21EjQ0v9W4,The Country That Might Disappear: Guatemala vs Belize,"Oct 27, 2025",657,276
2025-12-14,Y21EjQ0v9W4,The Country That Might Disappear: Guatemala vs Belize,"Oct 27, 2025",657,257
2025-12-15,Y21EjQ0v9W4,The Country That Might Disappear: Guatemala vs Belize,"Oct 27, 2025",657,247
2025-12-16,Y21EjQ0v9W4,The Country That Might Disappear: Guatemala vs Belize,"Oct 27, 2025",657,179
2025-12-17,Y21EjQ0v9W4,The Country That Might Disappear: Guatemala vs Belize,"Oct 27, 2025",657,202
2025-12-18,Y21EjQ0v9W4,The Country That Might Disappear: Guatemala vs Belize,"Oct 27, 2025",657,84
2025-12-19,Y21EjQ0v9W4,The Country That Might Disappear: Guatemala vs Belize,"Oct 27, 2025",657,25
2025-12-20,Y21EjQ0v9W4,The Country That Might Disappear: Guatemala vs Belize,"Oct 27, 2025",657,56
2025-12-21,Y21EjQ0v9W4,The Country That Might Disappear: Guatemala vs Belize,"Oct 27, 2025",657,61
2025-12-22,Y21EjQ0v9W4,The Country That Might Disappear: Guatemala vs Belize,"Oct 27, 2025",657,27
2025-12-23,Y21EjQ0v9W4,The Country That Might Disappear: Guatemala vs Belize,"Oct 27, 2025",657,51
2025-12-24,Y21EjQ0v9W4,The Country That Might Disappear: Guatemala vs Belize,"Oct 27, 2025",657,50
2025-12-25,Y21EjQ0v9W4,The Country That Might Disappear: Guatemala vs Belize,"Oct 27, 2025",657,49
2025-12-26,Y21EjQ0v9W4,The Country That Might Disappear: Guatemala vs Belize,"Oct 27, 2025",657,71
2025-12-27,Y21EjQ0v9W4,The Country That Might Disappear: Guatemala vs Belize,"Oct 27, 2025",657,45
2025-12-28,Y21EjQ0v9W4,The Country That Might Disappear: Guatemala vs Belize,"Oct 27, 2025",657,29
2025-12-29,Y21EjQ0v9W4,The Country That Might Disappear: Guatemala vs Belize,"Oct 27, 2025",657,29
2025-12-30,Y21EjQ0v9W4,The Country That Might Disappear: Guatemala vs Belize,"Oct 27, 2025",657,33
2025-12-31,Y21EjQ0v9W4,The Country That Might Disappear: Guatemala vs Belize,"Oct 27, 2025",657,33
2026-01-01,Y21EjQ0v9W4,The Country That Might Disappear: Guatemala vs Belize,"Oct 27, 2025",657,43
2026-01-02,Y21EjQ0v9W4,The Country That Might Disappear: Guatemala vs Belize,"Oct 27, 2025",657,23
2026-01-03,Y21EjQ0v9W4,The Country That Might Disappear: Guatemala vs Belize,"Oct 27, 2025",657,16
2026-01-04,Y21EjQ0v9W4,The Country That Might Disappear: Guatemala vs Belize,"Oct 27, 2025",657,25
2026-01-05,Y21EjQ0v9W4,The Country That Might Disappear: Guatemala vs Belize,"Oct 27, 2025",657,30
2026-01-06,Y21EjQ0v9W4,The Country That Might Disappear: Guatemala vs Belize,"Oct 27, 2025",657,16
2026-01-07,Y21EjQ0v9W4,The Country That Might Disappear: Guatemala vs Belize,"Oct 27, 2025",657,20
2026-01-08,Y21EjQ0v9W4,The Country That Might Disappear: Guatemala vs Belize,"Oct 27, 2025",657,12
2026-01-09,Y21EjQ0v9W4,The Country That Might Disappear: Guatemala vs Belize,"Oct 27, 2025",657,29
2026-01-10,Y21EjQ0v9W4,The Country That Might Disappear: Guatemala vs Belize,"Oct 27, 2025",657,8
2026-01-11,Y21EjQ0v9W4,The Country That Might Disappear: Guatemala vs Belize,"Oct 27, 2025",657,6
2026-01-12,Y21EjQ0v9W4,The Country That Might Disappear: Guatemala vs Belize,"Oct 27, 2025",657,18
2026-01-13,Y21EjQ0v9W4,The Country That Might Disappear: Guatemala vs Belize,"Oct 27, 2025",657,12
2026-01-14,Y21EjQ0v9W4,The Country That Might Disappear: Guatemala vs Belize,"Oct 27, 2025",657,6
2026-01-15,Y21EjQ0v9W4,The Country That Might Disappear: Guatemala vs Belize,"Oct 27, 2025",657,13
2026-01-16,Y21EjQ0v9W4,The Country That Might Disappear: Guatemala vs Belize,"Oct 27, 2025",657,15
2026-01-17,Y21EjQ0v9W4,The Country That Might Disappear: Guatemala vs Belize,"Oct 27, 2025",657,16
2026-01-18,Y21EjQ0v9W4,The Country That Might Disappear: Guatemala vs Belize,"Oct 27, 2025",657,13
2026-01-19,Y21EjQ0v9W4,The Country That Might Disappear: Guatemala vs Belize,"Oct 27, 2025",657,6
2026-01-20,Y21EjQ0v9W4,The Country That Might Disappear: Guatemala vs Belize,"Oct 27, 2025",657,6
2026-01-21,Y21EjQ0v9W4,The Country That Might Disappear: Guatemala vs Belize,"Oct 27, 2025",657,10
2026-01-22,Y21EjQ0v9W4,The Country That Might Disappear: Guatemala vs Belize,"Oct 27, 2025",657,9
2026-01-23,Y21EjQ0v9W4,The Country That Might Disappear: Guatemala vs Belize,"Oct 27, 2025",657,10
2026-01-24,Y21EjQ0v9W4,The Country That Might Disappear: Guatemala vs Belize,"Oct 27, 2025",657,4
2026-01-25,Y21EjQ0v9W4,The Country That Might Disappear: Guatemala vs Belize,"Oct 27, 2025",657,10
2026-01-26,Y21EjQ0v9W4,The Country That Might Disappear: Guatemala vs Belize,"Oct 27, 2025",657,4
2026-01-27,Y21EjQ0v9W4,The Country That Might Disappear: Guatemala vs Belize,"Oct 27, 2025",657,19
2026-01-28,Y21EjQ0v9W4,The Country That Might Disappear: Guatemala vs Belize,"Oct 27, 2025",657,14
2026-01-29,Y21EjQ0v9W4,The Country That Might Disappear: Guatemala vs Belize,"Oct 27, 2025",657,5
2026-01-30,Y21EjQ0v9W4,The Country That Might Disappear: Guatemala vs Belize,"Oct 27, 2025",657,9
2026-01-31,Y21EjQ0v9W4,The Country That Might Disappear: Guatemala vs Belize,"Oct 27, 2025",657,2
2026-02-01,Y21EjQ0v9W4,The Country That Might Disappear: Guatemala vs Belize,"Oct 27, 2025",657,6
2026-02-02,Y21EjQ0v9W4,The Country That Might Disappear: Guatemala vs Belize,"Oct 27, 2025",657,1
2026-02-03,Y21EjQ0v9W4,The Country That Might Disappear: Guatemala vs Belize,"Oct 27, 2025",657,4
2026-02-04,Y21EjQ0v9W4,The Country That Might Disappear: Guatemala vs Belize,"Oct 27, 2025",657,4
2026-02-05,Y21EjQ0v9W4,The Country That Might Disappear: Guatemala vs Belize,"Oct 27, 2025",657,4
2026-02-06,Y21EjQ0v9W4,The Country That Might Disappear: Guatemala vs Belize,"Oct 27, 2025",657,5
2026-02-07,Y21EjQ0v9W4,The Country That Might Disappear: Guatemala vs Belize,"Oct 27, 2025",657,4
2026-02-08,Y21EjQ0v9W4,The Country That Might Disappear: Guatemala vs Belize,"Oct 27, 2025",657,3
2026-02-09,Y21EjQ0v9W4,The Country That Might Disappear: Guatemala vs Belize,"Oct 27, 2025",657,1
2026-02-10,Y21EjQ0v9W4,The Country That Might Disappear: Guatemala vs Belize,"Oct 27, 2025",657,6
2026-02-11,Y21EjQ0v9W4,The Country That Might Disappear: Guatemala vs Belize,"Oct 27, 2025",657,12
2026-02-12,Y21EjQ0v9W4,The Country That Might Disappear: Guatemala vs Belize,"Oct 27, 2025",657,2
2026-02-13,Y21EjQ0v9W4,The Country That Might Disappear: Guatemala vs Belize,"Oct 27, 2025",657,11
2026-02-14,Y21EjQ0v9W4,The Country That Might Disappear: Guatemala vs Belize,"Oct 27, 2025",657,5
2026-02-15,Y21EjQ0v9W4,The Country That Might Disappear: Guatemala vs Belize,"Oct 27, 2025",657,8
2026-02-16,Y21EjQ0v9W4,The Country That Might Disappear: Guatemala vs Belize,"Oct 27, 2025",657,5
2026-02-17,Y21EjQ0v9W4,The Country That Might Disappear: Guatemala vs Belize,"Oct 27, 2025",657,10
2026-02-18,Y21EjQ0v9W4,The Country That Might Disappear: Guatemala vs Belize,"Oct 27, 2025",657,1
2026-02-19,Y21EjQ0v9W4,The Country That Might Disappear: Guatemala vs Belize,"Oct 27, 2025",657,7
2026-02-20,Y21EjQ0v9W4,The Country That Might Disappear: Guatemala vs Belize,"Oct 27, 2025",657,5
2026-02-21,Y21EjQ0v9W4,The Country That Might Disappear: Guatemala vs Belize,"Oct 27, 2025",657,10
2026-02-22,Y21EjQ0v9W4,The Country That Might Disappear: Guatemala vs Belize,"Oct 27, 2025",657,8
2026-02-23,Y21EjQ0v9W4,The Country That Might Disappear: Guatemala vs Belize,"Oct 27, 2025",657,8
2026-02-24,Y21EjQ0v9W4,The Country That Might Disappear: Guatemala vs Belize,"Oct 27, 2025",657,8
2026-02-25,Y21EjQ0v9W4,The Country That Might Disappear: Guatemala vs Belize,"Oct 27, 2025",657,9
2026-02-26,Y21EjQ0v9W4,The Country That Might Disappear: Guatemala vs Belize,"Oct 27, 2025",657,5
2026-02-27,Y21EjQ0v9W4,The Country That Might Disappear: Guatemala vs Belize,"Oct 27, 2025",657,2
2026-02-28,Y21EjQ0v9W4,The Country That Might Disappear: Guatemala vs Belize,"Oct 27, 2025",657,6
2026-03-01,Y21EjQ0v9W4,The Country That Might Disappear: Guatemala vs Belize,"Oct 27, 2025",657,4
2026-03-02,Y21EjQ0v9W4,The Country That Might Disappear: Guatemala vs Belize,"Oct 27, 2025",657,5
2026-03-03,Y21EjQ0v9W4,The Country That Might Disappear: Guatemala vs Belize,"Oct 27, 2025",657,6
2026-03-04,Y21EjQ0v9W4,The Country That Might Disappear: Guatemala vs Belize,"Oct 27, 2025",657,3
2026-03-05,Y21EjQ0v9W4,The Country That Might Disappear: Guatemala vs Belize,"Oct 27, 2025",657,2
2026-03-06,Y21EjQ0v9W4,The Country That Might Disappear: Guatemala vs Belize,"Oct 27, 2025",657,3
2026-03-07,Y21EjQ0v9W4,The Country That Might Disappear: Guatemala vs Belize,"Oct 27, 2025",657,8
2026-03-08,Y21EjQ0v9W4,The Country That Might Disappear: Guatemala vs Belize,"Oct 27, 2025",657,8
2026-03-09,Y21EjQ0v9W4,The Country That Might Disappear: Guatemala vs Belize,"Oct 27, 2025",657,3
2026-03-10,Y21EjQ0v9W4,The Country That Might Disappear: Guatemala vs Belize,"Oct 27, 2025",657,7
2026-03-11,Y21EjQ0v9W4,The Country That Might Disappear: Guatemala vs Belize,"Oct 27, 2025",657,7
2026-03-12,Y21EjQ0v9W4,The Country That Might Disappear: Guatemala vs Belize,"Oct 27, 2025",657,5
2026-03-13,Y21EjQ0v9W4,The Country That Might Disappear: Guatemala vs Belize,"Oct 27, 2025",657,5
2026-03-14,Y21EjQ0v9W4,The Country That Might Disappear: Guatemala vs Belize,"Oct 27, 2025",657,9
2026-03-15,Y21EjQ0v9W4,The Country That Might Disappear: Guatemala vs Belize,"Oct 27, 2025",657,6
2026-03-16,Y21EjQ0v9W4,The Country That Might Disappear: Guatemala vs Belize,"Oct 27, 2025",657,7
2026-03-17,Y21EjQ0v9W4,The Country That Might Disappear: Guatemala vs Belize,"Oct 27, 2025",657,4
2026-03-18,Y21EjQ0v9W4,The Country That Might Disappear: Guatemala vs Belize,"Oct 27, 2025",657,9
2026-03-19,Y21EjQ0v9W4,The Country That Might Disappear: Guatemala vs Belize,"Oct 27, 2025",657,8
2026-03-20,Y21EjQ0v9W4,The Country That Might Disappear: Guatemala vs Belize,"Oct 27, 2025",657,4
2026-03-21,Y21EjQ0v9W4,The Country That Might Disappear: Guatemala vs Belize,"Oct 27, 2025",657,15
2026-03-22,Y21EjQ0v9W4,The Country That Might Disappear: Guatemala vs Belize,"Oct 27, 2025",657,13
2026-03-23,Y21EjQ0v9W4,The Country That Might Disappear: Guatemala vs Belize,"Oct 27, 2025",657,8
2026-03-24,Y21EjQ0v9W4,The Country That Might Disappear: Guatemala vs Belize,"Oct 27, 2025",657,5
2026-03-25,Y21EjQ0v9W4,The Country That Might Disappear: Guatemala vs Belize,"Oct 27, 2025",657,10
2026-03-26,Y21EjQ0v9W4,The Country That Might Disappear: Guatemala vs Belize,"Oct 27, 2025",657,4
2026-03-27,Y21EjQ0v9W4,The Country That Might Disappear: Guatemala vs Belize,"Oct 27, 2025",657,12
2026-03-28,Y21EjQ0v9W4,The Country That Might Disappear: Guatemala vs Belize,"Oct 27, 2025",657,3
2026-03-29,Y21EjQ0v9W4,The Country That Might Disappear: Guatemala vs Belize,"Oct 27, 2025",657,4
2026-03-30,Y21EjQ0v9W4,The Country That Might Disappear: Guatemala vs Belize,"Oct 27, 2025",657,11
2026-03-31,Y21EjQ0v9W4,The Country That Might Disappear: Guatemala vs Belize,"Oct 27, 2025",657,7
2026-04-01,Y21EjQ0v9W4,The Country That Might Disappear: Guatemala vs Belize,"Oct 27, 2025",657,11
2026-04-02,Y21EjQ0v9W4,The Country That Might Disappear: Guatemala vs Belize,"Oct 27, 2025",657,6
2026-04-03,Y21EjQ0v9W4,The Country That Might Disappear: Guatemala vs Belize,"Oct 27, 2025",657,10
2026-04-04,Y21EjQ0v9W4,The Country That Might Disappear: Guatemala vs Belize,"Oct 27, 2025",657,2
2026-04-05,Y21EjQ0v9W4,The Country That Might Disappear: Guatemala vs Belize,"Oct 27, 2025",657,11
2026-04-06,Y21EjQ0v9W4,The Country That Might Disappear: Guatemala vs Belize,"Oct 27, 2025",657,4
2026-04-07,Y21EjQ0v9W4,The Country That Might Disappear: Guatemala vs Belize,"Oct 27, 2025",657,6
2026-04-08,Y21EjQ0v9W4,The Country That Might Disappear: Guatemala vs Belize,"Oct 27, 2025",657,4
2026-04-09,Y21EjQ0v9W4,The Country That Might Disappear: Guatemala vs Belize,"Oct 27, 2025",657,6
2026-04-10,Y21EjQ0v9W4,The Country That Might Disappear: Guatemala vs Belize,"Oct 27, 2025",657,6
2026-04-11,Y21EjQ0v9W4,The Country That Might Disappear: Guatemala vs Belize,"Oct 27, 2025",657,11
2026-04-12,Y21EjQ0v9W4,The Country That Might Disappear: Guatemala vs Belize,"Oct 27, 2025",657,8
2026-04-13,Y21EjQ0v9W4,The Country That Might Disappear: Guatemala vs Belize,"Oct 27, 2025",657,3
2026-04-14,Y21EjQ0v9W4,The Country That Might Disappear: Guatemala vs Belize,"Oct 27, 2025",657,7
2026-04-15,Y21EjQ0v9W4,The Country That Might Disappear: Guatemala vs Belize,"Oct 27, 2025",657,7
2026-04-16,Y21EjQ0v9W4,The Country That Might Disappear: Guatemala vs Belize,"Oct 27, 2025",657,6
2026-04-17,Y21EjQ0v9W4,The Country That Might Disappear: Guatemala vs Belize,"Oct 27, 2025",657,4
2026-04-18,Y21EjQ0v9W4,The Country That Might Disappear: Guatemala vs Belize,"Oct 27, 2025",657,7
2026-04-19,Y21EjQ0v9W4,The Country That Might Disappear: Guatemala vs Belize,"Oct 27, 2025",657,7
2026-04-20,Y21EjQ0v9W4,The Country That Might Disappear: Guatemala vs Belize,"Oct 27, 2025",657,11
2026-04-21,Y21EjQ0v9W4,The Country That Might Disappear: Guatemala vs Belize,"Oct 27, 2025",657,12
2026-04-22,Y21EjQ0v9W4,The Country That Might Disappear: Guatemala vs Belize,"Oct 27, 2025",657,7
2026-04-23,Y21EjQ0v9W4,The Country That Might Disappear: Guatemala vs Belize,"Oct 27, 2025",657,2
2026-04-24,Y21EjQ0v9W4,The Country That Might Disappear: Guatemala vs Belize,"Oct 27, 2025",657,6
2026-04-25,Y21EjQ0v9W4,The Country That Might Disappear: Guatemala vs Belize,"Oct 27, 2025",657,7
2026-04-26,Y21EjQ0v9W4,The Country That Might Disappear: Guatemala vs Belize,"Oct 27, 2025",657,10
2026-04-27,Y21EjQ0v9W4,The Country That Might Disappear: Guatemala vs Belize,"Oct 27, 2025",657,5
2026-04-28,Y21EjQ0v9W4,The Country That Might Disappear: Guatemala vs Belize,"Oct 27, 2025",657,11
2026-04-29,Y21EjQ0v9W4,The Country That Might Disappear: Guatemala vs Belize,"Oct 27, 2025",657,9
2026-04-30,Y21EjQ0v9W4,The Country That Might Disappear: Guatemala vs Belize,"Oct 27, 2025",657,6
2026-05-01,Y21EjQ0v9W4,The Country That Might Disappear: Guatemala vs Belize,"Oct 27, 2025",657,6
2026-05-02,Y21EjQ0v9W4,The Country That Might Disappear: Guatemala vs Belize,"Oct 27, 2025",657,6
2026-05-03,Y21EjQ0v9W4,The Country That Might Disappear: Guatemala vs Belize,"Oct 27, 2025",657,3
2026-05-04,Y21EjQ0v9W4,The Country That Might Disappear: Guatemala vs Belize,"Oct 27, 2025",657,5
2026-05-05,Y21EjQ0v9W4,The Country That Might Disappear: Guatemala vs Belize,"Oct 27, 2025",657,4
2026-05-06,Y21EjQ0v9W4,The Country That Might Disappear: Guatemala vs Belize,"Oct 27, 2025",657,4
2026-05-07,Y21EjQ0v9W4,The Country That Might Disappear: Guatemala vs Belize,"Oct 27, 2025",657,7
2026-05-08,Y21EjQ0v9W4,The Country That Might Disappear: Guatemala vs Belize,"Oct 27, 2025",657,3
2026-05-09,Y21EjQ0v9W4,The Country That Might Disappear: Guatemala vs Belize,"Oct 27, 2025",657,9
2026-05-10,Y21EjQ0v9W4,The Country That Might Disappear: Guatemala vs Belize,"Oct 27, 2025",657,12
2026-05-11,Y21EjQ0v9W4,The Country That Might Disappear: Guatemala vs Belize,"Oct 27, 2025",657,8
2026-05-12,Y21EjQ0v9W4,The Country That Might Disappear: Guatemala vs Belize,"Oct 27, 2025",657,9
2026-05-13,Y21EjQ0v9W4,The Country That Might Disappear: Guatemala vs Belize,"Oct 27, 2025",657,5
2026-05-14,Y21EjQ0v9W4,The Country That Might Disappear: Guatemala vs Belize,"Oct 27, 2025",657,11
2026-05-15,Y21EjQ0v9W4,The Country That Might Disappear: Guatemala vs Belize,"Oct 27, 2025",657,3
2026-05-16,Y21EjQ0v9W4,The Country That Might Disappear: Guatemala vs Belize,"Oct 27, 2025",657,13
2026-05-17,Y21EjQ0v9W4,The Country That Might Disappear: Guatemala vs Belize,"Oct 27, 2025",657,13
2026-05-18,Y21EjQ0v9W4,The Country That Might Disappear: Guatemala vs Belize,"Oct 27, 2025",657,14
2026-05-19,Y21EjQ0v9W4,The Country That Might Disappear: Guatemala vs Belize,"Oct 27, 2025",657,8
2026-05-20,Y21EjQ0v9W4,The Country That Might Disappear: Guatemala vs Belize,"Oct 27, 2025",657,72
2026-05-21,Y21EjQ0v9W4,The Country That Might Disappear: Guatemala vs Belize,"Oct 27, 2025",657,7
2026-05-22,Y21EjQ0v9W4,The Country That Might Disappear: Guatemala vs Belize,"Oct 27, 2025",657,7
2026-05-23,Y21EjQ0v9W4,The Country That Might Disappear: Guatemala vs Belize,"Oct 27, 2025",657,5
2026-05-24,Y21EjQ0v9W4,The Country That Might Disappear: Guatemala vs Belize,"Oct 27, 2025",657,10
2026-05-25,Y21EjQ0v9W4,The Country That Might Disappear: Guatemala vs Belize,"Oct 27, 2025",657,3
2026-05-26,Y21EjQ0v9W4,The Country That Might Disappear: Guatemala vs Belize,"Oct 27, 2025",657,7
2026-05-27,Y21EjQ0v9W4,The Country That Might Disappear: Guatemala vs Belize,"Oct 27, 2025",657,9
2026-05-28,Y21EjQ0v9W4,The Country That Might Disappear: Guatemala vs Belize,"Oct 27, 2025",657,6
2026-05-29,Y21EjQ0v9W4,The Country That Might Disappear: Guatemala vs Belize,"Oct 27, 2025",657,10
2026-05-30,Y21EjQ0v9W4,The Country That Might Disappear: Guatemala vs Belize,"Oct 27, 2025",657,7
2026-05-31,Y21EjQ0v9W4,The Country That Might Disappear: Guatemala vs Belize,"Oct 27, 2025",657,2
2026-06-01,Y21EjQ0v9W4,The Country That Might Disappear: Guatemala vs Belize,"Oct 27, 2025",657,2
2026-06-02,Y21EjQ0v9W4,The Country That Might Disappear: Guatemala vs Belize,"Oct 27, 2025",657,9
2026-06-03,Y21EjQ0v9W4,The Country That Might Disappear: Guatemala vs Belize,"Oct 27, 2025",657,8
2026-06-04,Y21EjQ0v9W4,The Country That Might Disappear: Guatemala vs Belize,"Oct 27, 2025",657,17
2026-06-05,Y21EjQ0v9W4,The Country That Might Disappear: Guatemala vs Belize,"Oct 27, 2025",657,5
2026-06-06,Y21EjQ0v9W4,The Country That Might Disappear: Guatemala vs Belize,"Oct 27, 2025",657,12
2026-06-07,Y21EjQ0v9W4,The Country That Might Disappear: Guatemala vs Belize,"Oct 27, 2025",657,9
2026-06-08,Y21EjQ0v9W4,The Country That Might Disappear: Guatemala vs Belize,"Oct 27, 2025",657,10
2026-06-09,Y21EjQ0v9W4,The Country That Might Disappear: Guatemala vs Belize,"Oct 27, 2025",657,6
2026-06-10,Y21EjQ0v9W4,The Country That Might Disappear: Guatemala vs Belize,"Oct 27, 2025",657,5
2026-06-11,Y21EjQ0v9W4,The Country That Might Disappear: Guatemala vs Belize,"Oct 27, 2025",657,8
2026-06-12,Y21EjQ0v9W4,The Country That Might Disappear: Guatemala vs Belize,"Oct 27, 2025",657,11
2026-06-13,Y21EjQ0v9W4,The Country That Might Disappear: Guatemala vs Belize,"Oct 27, 2025",657,15
2026-06-14,Y21EjQ0v9W4,The Country That Might Disappear: Guatemala vs Belize,"Oct 27, 2025",657,7
2026-06-15,Y21EjQ0v9W4,The Country That Might Disappear: Guatemala vs Belize,"Oct 27, 2025",657,7
2026-06-16,Y21EjQ0v9W4,The Country That Might Disappear: Guatemala vs Belize,"Oct 27, 2025",657,3
2026-06-17,Y21EjQ0v9W4,The Country That Might Disappear: Guatemala vs Belize,"Oct 27, 2025",657,2
2026-06-18,Y21EjQ0v9W4,The Country That Might Disappear: Guatemala vs Belize,"Oct 27, 2025",657,6
2026-06-19,Y21EjQ0v9W4,The Country That Might Disappear: Guatemala vs Belize,"Oct 27, 2025",657,5
2026-06-20,Y21EjQ0v9W4,The Country That Might Disappear: Guatemala vs Belize,"Oct 27, 2025",657,6
2026-06-21,Y21EjQ0v9W4,The Country That Might Disappear: Guatemala vs Belize,"Oct 27, 2025",657,9
2026-06-22,Y21EjQ0v9W4,The Country That Might Disappear: Guatemala vs Belize,"Oct 27, 2025",657,3
2026-06-23,Y21EjQ0v9W4,The Country That Might Disappear: Guatemala vs Belize,"Oct 27, 2025",657,8
2026-06-24,Y21EjQ0v9W4,The Country That Might Disappear: Guatemala vs Belize,"Oct 27, 2025",657,12
2026-06-25,Y21EjQ0v9W4,The Country That Might Disappear: Guatemala vs Belize,"Oct 27, 2025",657,14
2026-06-26,Y21EjQ0v9W4,The Country That Might Disappear: Guatemala vs Belize,"Oct 27, 2025",657,15
2026-06-27,Y21EjQ0v9W4,The Country That Might Disappear: Guatemala vs Belize,"Oct 27, 2025",657,13
2026-06-28,Y21EjQ0v9W4,The Country That Might Disappear: Guatemala vs Belize,"Oct 27, 2025",657,31
2026-06-29,Y21EjQ0v9W4,The Country That Might Disappear: Guatemala vs Belize,"Oct 27, 2025",657,14
2026-06-30,Y21EjQ0v9W4,The Country That Might Disappear: Guatemala vs Belize,"Oct 27, 2025",657,30
2026-07-01,Y21EjQ0v9W4,The Country That Might Disappear: Guatemala vs Belize,"Oct 27, 2025",657,16
2026-07-02,Y21EjQ0v9W4,The Country That Might Disappear: Guatemala vs Belize,"Oct 27, 2025",657,20
2026-07-03,Y21EjQ0v9W4,The Country That Might Disappear: Guatemala vs Belize,"Oct 27, 2025",657,41
2026-07-04,Y21EjQ0v9W4,The Country That Might Disappear: Guatemala vs Belize,"Oct 27, 2025",657,24
2026-07-05,Y21EjQ0v9W4,The Country That Might Disappear: Guatemala vs Belize,"Oct 27, 2025",657,32
2026-07-06,Y21EjQ0v9W4,The Country That Might Disappear: Guatemala vs Belize,"Oct 27, 2025",657,21
2026-07-07,Y21EjQ0v9W4,The Country That Might Disappear: Guatemala vs Belize,"Oct 27, 2025",657,10
2026-07-08,Y21EjQ0v9W4,The Country That Might Disappear: Guatemala vs Belize,"Oct 27, 2025",657,10
2026-07-09,Y21EjQ0v9W4,The Country That Might Disappear: Guatemala vs Belize,"Oct 27, 2025",657,10
2026-07-10,Y21EjQ0v9W4,The Country That Might Disappear: Guatemala vs Belize,"Oct 27, 2025",657,15
2026-07-11,Y21EjQ0v9W4,The Country That Might Disappear: Guatemala vs Belize,"Oct 27, 2025",657,16
2026-07-12,Y21EjQ0v9W4,The Country That Might Disappear: Guatemala vs Belize,"Oct 27, 2025",657,10
2026-07-13,Y21EjQ0v9W4,The Country That Might Disappear: Guatemala vs Belize,"Oct 27, 2025",657,11
2026-07-14,Y21EjQ0v9W4,The Country That Might Disappear: Guatemala vs Belize,"Oct 27, 2025",657,16
2026-07-15,Y21EjQ0v9W4,The Country That Might Disappear: Guatemala vs Belize,"Oct 27, 2025",657,21
2026-07-16,Y21EjQ0v9W4,The Country That Might Disappear: Guatemala vs Belize,"Oct 27, 2025",657,41
2026-07-17,Y21EjQ0v9W4,The Country That Might Disappear: Guatemala vs Belize,"Oct 27, 2025",657,30
2026-07-18,Y21EjQ0v9W4,The Country That Might Disappear: Guatemala vs Belize,"Oct 27, 2025",657,25
2026-07-19,Y21EjQ0v9W4,The Country That Might Disappear: Guatemala vs Belize,"Oct 27, 2025",657,23
2026-07-20,Y21EjQ0v9W4,The Country That Might Disappear: Guatemala vs Belize,"Oct 27, 2025",657,20
2026-07-21,Y21EjQ0v9W4,The Country That Might Disappear: Guatemala vs Belize,"Oct 27, 2025",657,13
2025-07-22,_N_08zn95FY,Turkey Claims 152 Greek Islands. Here's Why.,"Aug 27, 2025",548,0
2025-07-23,_N_08zn95FY,Turkey Claims 152 Greek Islands. Here's Why.,"Aug 27, 2025",548,0
2025-07-24,_N_08zn95FY,Turkey Claims 152 Greek Islands. Here's Why.,"Aug 27, 2025",548,0
2025-07-25,_N_08zn95FY,Turkey Claims 152 Greek Islands. Here's Why.,"Aug 27, 2025",548,0
2025-07-26,_N_08zn95FY,Turkey Claims 152 Greek Islands. Here's Why.,"Aug 27, 2025",548,0
2025-07-27,_N_08zn95FY,Turkey Claims 152 Greek Islands. Here's Why.,"Aug 27, 2025",548,0
2025-07-28,_N_08zn95FY,Turkey Claims 152 Greek Islands. Here's Why.,"Aug 27, 2025",548,0
2025-07-29,_N_08zn95FY,Turkey Claims 152 Greek Islands. Here's Why.,"Aug 27, 2025",548,0
2025-07-30,_N_08zn95FY,Turkey Claims 152 Greek Islands. Here's Why.,"Aug 27, 2025",548,0
2025-07-31,_N_08zn95FY,Turkey Claims 152 Greek Islands. Here's Why.,"Aug 27, 2025",548,0
2025-08-01,_N_08zn95FY,Turkey Claims 152 Greek Islands. Here's Why.,"Aug 27, 2025",548,0
2025-08-02,_N_08zn95FY,Turkey Claims 152 Greek Islands. Here's Why.,"Aug 27, 2025",548,0
2025-08-03,_N_08zn95FY,Turkey Claims 152 Greek Islands. Here's Why.,"Aug 27, 2025",548,0
2025-08-04,_N_08zn95FY,Turkey Claims 152 Greek Islands. Here's Why.,"Aug 27, 2025",548,0
2025-08-05,_N_08zn95FY,Turkey Claims 152 Greek Islands. Here's Why.,"Aug 27, 2025",548,0
2025-08-06,_N_08zn95FY,Turkey Claims 152 Greek Islands. Here's Why.,"Aug 27, 2025",548,0
2025-08-07,_N_08zn95FY,Turkey Claims 152 Greek Islands. Here's Why.,"Aug 27, 2025",548,0
2025-08-08,_N_08zn95FY,Turkey Claims 152 Greek Islands. Here's Why.,"Aug 27, 2025",548,0
2025-08-09,_N_08zn95FY,Turkey Claims 152 Greek Islands. Here's Why.,"Aug 27, 2025",548,0
2025-08-10,_N_08zn95FY,Turkey Claims 152 Greek Islands. Here's Why.,"Aug 27, 2025",548,0
2025-08-11,_N_08zn95FY,Turkey Claims 152 Greek Islands. Here's Why.,"Aug 27, 2025",548,0
2025-08-12,_N_08zn95FY,Turkey Claims 152 Greek Islands. Here's Why.,"Aug 27, 2025",548,0
2025-08-13,_N_08zn95FY,Turkey Claims 152 Greek Islands. Here's Why.,"Aug 27, 2025",548,0
2025-08-14,_N_08zn95FY,Turkey Claims 152 Greek Islands. Here's Why.,"Aug 27, 2025",548,0
2025-08-15,_N_08zn95FY,Turkey Claims 152 Greek Islands. Here's Why.,"Aug 27, 2025",548,0
2025-08-16,_N_08zn95FY,Turkey Claims 152 Greek Islands. Here's Why.,"Aug 27, 2025",548,0
2025-08-17,_N_08zn95FY,Turkey Claims 152 Greek Islands. Here's Why.,"Aug 27, 2025",548,0
2025-08-18,_N_08zn95FY,Turkey Claims 152 Greek Islands. Here's Why.,"Aug 27, 2025",548,0
2025-08-19,_N_08zn95FY,Turkey Claims 152 Greek Islands. Here's Why.,"Aug 27, 2025",548,0
2025-08-20,_N_08zn95FY,Turkey Claims 152 Greek Islands. Here's Why.,"Aug 27, 2025",548,0
2025-08-21,_N_08zn95FY,Turkey Claims 152 Greek Islands. Here's Why.,"Aug 27, 2025",548,0
2025-08-22,_N_08zn95FY,Turkey Claims 152 Greek Islands. Here's Why.,"Aug 27, 2025",548,0
2025-08-23,_N_08zn95FY,Turkey Claims 152 Greek Islands. Here's Why.,"Aug 27, 2025",548,0
2025-08-24,_N_08zn95FY,Turkey Claims 152 Greek Islands. Here's Why.,"Aug 27, 2025",548,0
2025-08-25,_N_08zn95FY,Turkey Claims 152 Greek Islands. Here's Why.,"Aug 27, 2025",548,0
2025-08-26,_N_08zn95FY,Turkey Claims 152 Greek Islands. Here's Why.,"Aug 27, 2025",548,0
2025-08-27,_N_08zn95FY,Turkey Claims 152 Greek Islands. Here's Why.,"Aug 27, 2025",548,38
2025-08-28,_N_08zn95FY,Turkey Claims 152 Greek Islands. Here's Why.,"Aug 27, 2025",548,222
2025-08-29,_N_08zn95FY,Turkey Claims 152 Greek Islands. Here's Why.,"Aug 27, 2025",548,205
2025-08-30,_N_08zn95FY,Turkey Claims 152 Greek Islands. Here's Why.,"Aug 27, 2025",548,22
2025-08-31,_N_08zn95FY,Turkey Claims 152 Greek Islands. Here's Why.,"Aug 27, 2025",548,60
2025-09-01,_N_08zn95FY,Turkey Claims 152 Greek Islands. Here's Why.,"Aug 27, 2025",548,57
2025-09-02,_N_08zn95FY,Turkey Claims 152 Greek Islands. Here's Why.,"Aug 27, 2025",548,16
2025-09-03,_N_08zn95FY,Turkey Claims 152 Greek Islands. Here's Why.,"Aug 27, 2025",548,22
2025-09-04,_N_08zn95FY,Turkey Claims 152 Greek Islands. Here's Why.,"Aug 27, 2025",548,8
2025-09-05,_N_08zn95FY,Turkey Claims 152 Greek Islands. Here's Why.,"Aug 27, 2025",548,9
2025-09-06,_N_08zn95FY,Turkey Claims 152 Greek Islands. Here's Why.,"Aug 27, 2025",548,15
2025-09-07,_N_08zn95FY,Turkey Claims 152 Greek Islands. Here's Why.,"Aug 27, 2025",548,7
2025-09-08,_N_08zn95FY,Turkey Claims 152 Greek Islands. Here's Why.,"Aug 27, 2025",548,7
2025-09-09,_N_08zn95FY,Turkey Claims 152 Greek Islands. Here's Why.,"Aug 27, 2025",548,9
2025-09-10,_N_08zn95FY,Turkey Claims 152 Greek Islands. Here's Why.,"Aug 27, 2025",548,23
2025-09-11,_N_08zn95FY,Turkey Claims 152 Greek Islands. Here's Why.,"Aug 27, 2025",548,8
2025-09-12,_N_08zn95FY,Turkey Claims 152 Greek Islands. Here's Why.,"Aug 27, 2025",548,26
2025-09-13,_N_08zn95FY,Turkey Claims 152 Greek Islands. Here's Why.,"Aug 27, 2025",548,31
2025-09-14,_N_08zn95FY,Turkey Claims 152 Greek Islands. Here's Why.,"Aug 27, 2025",548,18
2025-09-15,_N_08zn95FY,Turkey Claims 152 Greek Islands. Here's Why.,"Aug 27, 2025",548,5
2025-09-16,_N_08zn95FY,Turkey Claims 152 Greek Islands. Here's Why.,"Aug 27, 2025",548,33
2025-09-17,_N_08zn95FY,Turkey Claims 152 Greek Islands. Here's Why.,"Aug 27, 2025",548,12
2025-09-18,_N_08zn95FY,Turkey Claims 152 Greek Islands. Here's Why.,"Aug 27, 2025",548,11
2025-09-19,_N_08zn95FY,Turkey Claims 152 Greek Islands. Here's Why.,"Aug 27, 2025",548,2
2025-09-20,_N_08zn95FY,Turkey Claims 152 Greek Islands. Here's Why.,"Aug 27, 2025",548,5
2025-09-21,_N_08zn95FY,Turkey Claims 152 Greek Islands. Here's Why.,"Aug 27, 2025",548,2
2025-09-22,_N_08zn95FY,Turkey Claims 152 Greek Islands. Here's Why.,"Aug 27, 2025",548,0
2025-09-23,_N_08zn95FY,Turkey Claims 152 Greek Islands. Here's Why.,"Aug 27, 2025",548,2
2025-09-24,_N_08zn95FY,Turkey Claims 152 Greek Islands. Here's Why.,"Aug 27, 2025",548,0
2025-09-25,_N_08zn95FY,Turkey Claims 152 Greek Islands. Here's Why.,"Aug 27, 2025",548,2
2025-09-26,_N_08zn95FY,Turkey Claims 152 Greek Islands. Here's Why.,"Aug 27, 2025",548,3
2025-09-27,_N_08zn95FY,Turkey Claims 152 Greek Islands. Here's Why.,"Aug 27, 2025",548,1
2025-09-28,_N_08zn95FY,Turkey Claims 152 Greek Islands. Here's Why.,"Aug 27, 2025",548,0
2025-09-29,_N_08zn95FY,Turkey Claims 152 Greek Islands. Here's Why.,"Aug 27, 2025",548,0
2025-09-30,_N_08zn95FY,Turkey Claims 152 Greek Islands. Here's Why.,"Aug 27, 2025",548,1
2025-10-01,_N_08zn95FY,Turkey Claims 152 Greek Islands. Here's Why.,"Aug 27, 2025",548,0
2025-10-02,_N_08zn95FY,Turkey Claims 152 Greek Islands. Here's Why.,"Aug 27, 2025",548,1
2025-10-03,_N_08zn95FY,Turkey Claims 152 Greek Islands. Here's Why.,"Aug 27, 2025",548,0
2025-10-04,_N_08zn95FY,Turkey Claims 152 Greek Islands. Here's Why.,"Aug 27, 2025",548,0
2025-10-05,_N_08zn95FY,Turkey Claims 152 Greek Islands. Here's Why.,"Aug 27, 2025",548,0
2025-10-06,_N_08zn95FY,Turkey Claims 152 Greek Islands. Here's Why.,"Aug 27, 2025",548,0
2025-10-07,_N_08zn95FY,Turkey Claims 152 Greek Islands. Here's Why.,"Aug 27, 2025",548,0
2025-10-08,_N_08zn95FY,Turkey Claims 152 Greek Islands. Here's Why.,"Aug 27, 2025",548,0
2025-10-09,_N_08zn95FY,Turkey Claims 152 Greek Islands. Here's Why.,"Aug 27, 2025",548,0
2025-10-10,_N_08zn95FY,Turkey Claims 152 Greek Islands. Here's Why.,"Aug 27, 2025",548,0
2025-10-11,_N_08zn95FY,Turkey Claims 152 Greek Islands. Here's Why.,"Aug 27, 2025",548,0
2025-10-12,_N_08zn95FY,Turkey Claims 152 Greek Islands. Here's Why.,"Aug 27, 2025",548,0
2025-10-13,_N_08zn95FY,Turkey Claims 152 Greek Islands. Here's Why.,"Aug 27, 2025",548,0
2025-10-14,_N_08zn95FY,Turkey Claims 152 Greek Islands. Here's Why.,"Aug 27, 2025",548,0
2025-10-15,_N_08zn95FY,Turkey Claims 152 Greek Islands. Here's Why.,"Aug 27, 2025",548,1
2025-10-16,_N_08zn95FY,Turkey Claims 152 Greek Islands. Here's Why.,"Aug 27, 2025",548,0
2025-10-17,_N_08zn95FY,Turkey Claims 152 Greek Islands. Here's Why.,"Aug 27, 2025",548,1
2025-10-18,_N_08zn95FY,Turkey Claims 152 Greek Islands. Here's Why.,"Aug 27, 2025",548,0
2025-10-19,_N_08zn95FY,Turkey Claims 152 Greek Islands. Here's Why.,"Aug 27, 2025",548,0
2025-10-20,_N_08zn95FY,Turkey Claims 152 Greek Islands. Here's Why.,"Aug 27, 2025",548,0
2025-10-21,_N_08zn95FY,Turkey Claims 152 Greek Islands. Here's Why.,"Aug 27, 2025",548,0
2025-10-22,_N_08zn95FY,Turkey Claims 152 Greek Islands. Here's Why.,"Aug 27, 2025",548,1
2025-10-23,_N_08zn95FY,Turkey Claims 152 Greek Islands. Here's Why.,"Aug 27, 2025",548,0
2025-10-24,_N_08zn95FY,Turkey Claims 152 Greek Islands. Here's Why.,"Aug 27, 2025",548,0
2025-10-25,_N_08zn95FY,Turkey Claims 152 Greek Islands. Here's Why.,"Aug 27, 2025",548,4
2025-10-26,_N_08zn95FY,Turkey Claims 152 Greek Islands. Here's Why.,"Aug 27, 2025",548,1
2025-10-27,_N_08zn95FY,Turkey Claims 152 Greek Islands. Here's Why.,"Aug 27, 2025",548,2
2025-10-28,_N_08zn95FY,Turkey Claims 152 Greek Islands. Here's Why.,"Aug 27, 2025",548,1
2025-10-29,_N_08zn95FY,Turkey Claims 152 Greek Islands. Here's Why.,"Aug 27, 2025",548,1
2025-10-30,_N_08zn95FY,Turkey Claims 152 Greek Islands. Here's Why.,"Aug 27, 2025",548,1
2025-10-31,_N_08zn95FY,Turkey Claims 152 Greek Islands. Here's Why.,"Aug 27, 2025",548,0
2025-11-01,_N_08zn95FY,Turkey Claims 152 Greek Islands. Here's Why.,"Aug 27, 2025",548,0
2025-11-02,_N_08zn95FY,Turkey Claims 152 Greek Islands. Here's Why.,"Aug 27, 2025",548,0
2025-11-03,_N_08zn95FY,Turkey Claims 152 Greek Islands. Here's Why.,"Aug 27, 2025",548,2
2025-11-04,_N_08zn95FY,Turkey Claims 152 Greek Islands. Here's Why.,"Aug 27, 2025",548,1
2025-11-05,_N_08zn95FY,Turkey Claims 152 Greek Islands. Here's Why.,"Aug 27, 2025",548,2
2025-11-06,_N_08zn95FY,Turkey Claims 152 Greek Islands. Here's Why.,"Aug 27, 2025",548,0
2025-11-07,_N_08zn95FY,Turkey Claims 152 Greek Islands. Here's Why.,"Aug 27, 2025",548,0
2025-11-08,_N_08zn95FY,Turkey Claims 152 Greek Islands. Here's Why.,"Aug 27, 2025",548,1
2025-11-09,_N_08zn95FY,Turkey Claims 152 Greek Islands. Here's Why.,"Aug 27, 2025",548,1
2025-11-10,_N_08zn95FY,Turkey Claims 152 Greek Islands. Here's Why.,"Aug 27, 2025",548,1
2025-11-11,_N_08zn95FY,Turkey Claims 152 Greek Islands. Here's Why.,"Aug 27, 2025",548,0
2025-11-12,_N_08zn95FY,Turkey Claims 152 Greek Islands. Here's Why.,"Aug 27, 2025",548,0
2025-11-13,_N_08zn95FY,Turkey Claims 152 Greek Islands. Here's Why.,"Aug 27, 2025",548,1
2025-11-14,_N_08zn95FY,Turkey Claims 152 Greek Islands. Here's Why.,"Aug 27, 2025",548,0
2025-11-15,_N_08zn95FY,Turkey Claims 152 Greek Islands. Here's Why.,"Aug 27, 2025",548,1
2025-11-16,_N_08zn95FY,Turkey Claims 152 Greek Islands. Here's Why.,"Aug 27, 2025",548,1
2025-11-17,_N_08zn95FY,Turkey Claims 152 Greek Islands. Here's Why.,"Aug 27, 2025",548,0
2025-11-18,_N_08zn95FY,Turkey Claims 152 Greek Islands. Here's Why.,"Aug 27, 2025",548,0
2025-11-19,_N_08zn95FY,Turkey Claims 152 Greek Islands. Here's Why.,"Aug 27, 2025",548,0
2025-11-20,_N_08zn95FY,Turkey Claims 152 Greek Islands. Here's Why.,"Aug 27, 2025",548,0
2025-11-21,_N_08zn95FY,Turkey Claims 152 Greek Islands. Here's Why.,"Aug 27, 2025",548,1
2025-11-22,_N_08zn95FY,Turkey Claims 152 Greek Islands. Here's Why.,"Aug 27, 2025",548,1
2025-11-23,_N_08zn95FY,Turkey Claims 152 Greek Islands. Here's Why.,"Aug 27, 2025",548,0
2025-11-24,_N_08zn95FY,Turkey Claims 152 Greek Islands. Here's Why.,"Aug 27, 2025",548,0
2025-11-25,_N_08zn95FY,Turkey Claims 152 Greek Islands. Here's Why.,"Aug 27, 2025",548,1
2025-11-26,_N_08zn95FY,Turkey Claims 152 Greek Islands. Here's Why.,"Aug 27, 2025",548,0
2025-11-27,_N_08zn95FY,Turkey Claims 152 Greek Islands. Here's Why.,"Aug 27, 2025",548,1
2025-11-28,_N_08zn95FY,Turkey Claims 152 Greek Islands. Here's Why.,"Aug 27, 2025",548,1
2025-11-29,_N_08zn95FY,Turkey Claims 152 Greek Islands. Here's Why.,"Aug 27, 2025",548,0
2025-11-30,_N_08zn95FY,Turkey Claims 152 Greek Islands. Here's Why.,"Aug 27, 2025",548,0
2025-12-01,_N_08zn95FY,Turkey Claims 152 Greek Islands. Here's Why.,"Aug 27, 2025",548,0
2025-12-02,_N_08zn95FY,Turkey Claims 152 Greek Islands. Here's Why.,"Aug 27, 2025",548,0
2025-12-03,_N_08zn95FY,Turkey Claims 152 Greek Islands. Here's Why.,"Aug 27, 2025",548,0
2025-12-04,_N_08zn95FY,Turkey Claims 152 Greek Islands. Here's Why.,"Aug 27, 2025",548,0
2025-12-05,_N_08zn95FY,Turkey Claims 152 Greek Islands. Here's Why.,"Aug 27, 2025",548,0
2025-12-06,_N_08zn95FY,Turkey Claims 152 Greek Islands. Here's Why.,"Aug 27, 2025",548,0
2025-12-07,_N_08zn95FY,Turkey Claims 152 Greek Islands. Here's Why.,"Aug 27, 2025",548,0
2025-12-08,_N_08zn95FY,Turkey Claims 152 Greek Islands. Here's Why.,"Aug 27, 2025",548,0
2025-12-09,_N_08zn95FY,Turkey Claims 152 Greek Islands. Here's Why.,"Aug 27, 2025",548,0
2025-12-10,_N_08zn95FY,Turkey Claims 152 Greek Islands. Here's Why.,"Aug 27, 2025",548,0
2025-12-11,_N_08zn95FY,Turkey Claims 152 Greek Islands. Here's Why.,"Aug 27, 2025",548,0
2025-12-12,_N_08zn95FY,Turkey Claims 152 Greek Islands. Here's Why.,"Aug 27, 2025",548,0
2025-12-13,_N_08zn95FY,Turkey Claims 152 Greek Islands. Here's Why.,"Aug 27, 2025",548,0
2025-12-14,_N_08zn95FY,Turkey Claims 152 Greek Islands. Here's Why.,"Aug 27, 2025",548,1
2025-12-15,_N_08zn95FY,Turkey Claims 152 Greek Islands. Here's Why.,"Aug 27, 2025",548,0
2025-12-16,_N_08zn95FY,Turkey Claims 152 Greek Islands. Here's Why.,"Aug 27, 2025",548,0
2025-12-17,_N_08zn95FY,Turkey Claims 152 Greek Islands. Here's Why.,"Aug 27, 2025",548,0
2025-12-18,_N_08zn95FY,Turkey Claims 152 Greek Islands. Here's Why.,"Aug 27, 2025",548,1
2025-12-19,_N_08zn95FY,Turkey Claims 152 Greek Islands. Here's Why.,"Aug 27, 2025",548,0
2025-12-20,_N_08zn95FY,Turkey Claims 152 Greek Islands. Here's Why.,"Aug 27, 2025",548,0
2025-12-21,_N_08zn95FY,Turkey Claims 152 Greek Islands. Here's Why.,"Aug 27, 2025",548,0
2025-12-22,_N_08zn95FY,Turkey Claims 152 Greek Islands. Here's Why.,"Aug 27, 2025",548,0
2025-12-23,_N_08zn95FY,Turkey Claims 152 Greek Islands. Here's Why.,"Aug 27, 2025",548,0
2025-12-24,_N_08zn95FY,Turkey Claims 152 Greek Islands. Here's Why.,"Aug 27, 2025",548,0
2025-12-25,_N_08zn95FY,Turkey Claims 152 Greek Islands. Here's Why.,"Aug 27, 2025",548,0
2025-12-26,_N_08zn95FY,Turkey Claims 152 Greek Islands. Here's Why.,"Aug 27, 2025",548,1
2025-12-27,_N_08zn95FY,Turkey Claims 152 Greek Islands. Here's Why.,"Aug 27, 2025",548,1
2025-12-28,_N_08zn95FY,Turkey Claims 152 Greek Islands. Here's Why.,"Aug 27, 2025",548,0
2025-12-29,_N_08zn95FY,Turkey Claims 152 Greek Islands. Here's Why.,"Aug 27, 2025",548,0
2025-12-30,_N_08zn95FY,Turkey Claims 152 Greek Islands. Here's Why.,"Aug 27, 2025",548,0
2025-12-31,_N_08zn95FY,Turkey Claims 152 Greek Islands. Here's Why.,"Aug 27, 2025",548,1
2026-01-01,_N_08zn95FY,Turkey Claims 152 Greek Islands. Here's Why.,"Aug 27, 2025",548,0
2026-01-02,_N_08zn95FY,Turkey Claims 152 Greek Islands. Here's Why.,"Aug 27, 2025",548,0
2026-01-03,_N_08zn95FY,Turkey Claims 152 Greek Islands. Here's Why.,"Aug 27, 2025",548,0
2026-01-04,_N_08zn95FY,Turkey Claims 152 Greek Islands. Here's Why.,"Aug 27, 2025",548,0
2026-01-05,_N_08zn95FY,Turkey Claims 152 Greek Islands. Here's Why.,"Aug 27, 2025",548,0
2026-01-06,_N_08zn95FY,Turkey Claims 152 Greek Islands. Here's Why.,"Aug 27, 2025",548,0
2026-01-07,_N_08zn95FY,Turkey Claims 152 Greek Islands. Here's Why.,"Aug 27, 2025",548,0
2026-01-08,_N_08zn95FY,Turkey Claims 152 Greek Islands. Here's Why.,"Aug 27, 2025",548,0
2026-01-09,_N_08zn95FY,Turkey Claims 152 Greek Islands. Here's Why.,"Aug 27, 2025",548,0
2026-01-10,_N_08zn95FY,Turkey Claims 152 Greek Islands. Here's Why.,"Aug 27, 2025",548,0
2026-01-11,_N_08zn95FY,Turkey Claims 152 Greek Islands. Here's Why.,"Aug 27, 2025",548,1
2026-01-12,_N_08zn95FY,Turkey Claims 152 Greek Islands. Here's Why.,"Aug 27, 2025",548,0
2026-01-13,_N_08zn95FY,Turkey Claims 152 Greek Islands. Here's Why.,"Aug 27, 2025",548,0
2026-01-14,_N_08zn95FY,Turkey Claims 152 Greek Islands. Here's Why.,"Aug 27, 2025",548,1
2026-01-15,_N_08zn95FY,Turkey Claims 152 Greek Islands. Here's Why.,"Aug 27, 2025",548,0
2026-01-16,_N_08zn95FY,Turkey Claims 152 Greek Islands. Here's Why.,"Aug 27, 2025",548,0
2026-01-17,_N_08zn95FY,Turkey Claims 152 Greek Islands. Here's Why.,"Aug 27, 2025",548,1
2026-01-18,_N_08zn95FY,Turkey Claims 152 Greek Islands. Here's Why.,"Aug 27, 2025",548,0
2026-01-19,_N_08zn95FY,Turkey Claims 152 Greek Islands. Here's Why.,"Aug 27, 2025",548,0
2026-01-20,_N_08zn95FY,Turkey Claims 152 Greek Islands. Here's Why.,"Aug 27, 2025",548,0
2026-01-21,_N_08zn95FY,Turkey Claims 152 Greek Islands. Here's Why.,"Aug 27, 2025",548,0
2026-01-22,_N_08zn95FY,Turkey Claims 152 Greek Islands. Here's Why.,"Aug 27, 2025",548,0
2026-01-23,_N_08zn95FY,Turkey Claims 152 Greek Islands. Here's Why.,"Aug 27, 2025",548,0
2026-01-24,_N_08zn95FY,Turkey Claims 152 Greek Islands. Here's Why.,"Aug 27, 2025",548,0
2026-01-25,_N_08zn95FY,Turkey Claims 152 Greek Islands. Here's Why.,"Aug 27, 2025",548,2
2026-01-26,_N_08zn95FY,Turkey Claims 152 Greek Islands. Here's Why.,"Aug 27, 2025",548,0
2026-01-27,_N_08zn95FY,Turkey Claims 152 Greek Islands. Here's Why.,"Aug 27, 2025",548,0
2026-01-28,_N_08zn95FY,Turkey Claims 152 Greek Islands. Here's Why.,"Aug 27, 2025",548,0
2026-01-29,_N_08zn95FY,Turkey Claims 152 Greek Islands. Here's Why.,"Aug 27, 2025",548,0
2026-01-30,_N_08zn95FY,Turkey Claims 152 Greek Islands. Here's Why.,"Aug 27, 2025",548,0
2026-01-31,_N_08zn95FY,Turkey Claims 152 Greek Islands. Here's Why.,"Aug 27, 2025",548,0
2026-02-01,_N_08zn95FY,Turkey Claims 152 Greek Islands. Here's Why.,"Aug 27, 2025",548,1
2026-02-02,_N_08zn95FY,Turkey Claims 152 Greek Islands. Here's Why.,"Aug 27, 2025",548,0
2026-02-03,_N_08zn95FY,Turkey Claims 152 Greek Islands. Here's Why.,"Aug 27, 2025",548,0
2026-02-04,_N_08zn95FY,Turkey Claims 152 Greek Islands. Here's Why.,"Aug 27, 2025",548,0
2026-02-05,_N_08zn95FY,Turkey Claims 152 Greek Islands. Here's Why.,"Aug 27, 2025",548,0
2026-02-06,_N_08zn95FY,Turkey Claims 152 Greek Islands. Here's Why.,"Aug 27, 2025",548,0
2026-02-07,_N_08zn95FY,Turkey Claims 152 Greek Islands. Here's Why.,"Aug 27, 2025",548,0
2026-02-08,_N_08zn95FY,Turkey Claims 152 Greek Islands. Here's Why.,"Aug 27, 2025",548,0
2026-02-09,_N_08zn95FY,Turkey Claims 152 Greek Islands. Here's Why.,"Aug 27, 2025",548,0
2026-02-10,_N_08zn95FY,Turkey Claims 152 Greek Islands. Here's Why.,"Aug 27, 2025",548,0
2026-02-11,_N_08zn95FY,Turkey Claims 152 Greek Islands. Here's Why.,"Aug 27, 2025",548,0
2026-02-12,_N_08zn95FY,Turkey Claims 152 Greek Islands. Here's Why.,"Aug 27, 2025",548,0
2026-02-13,_N_08zn95FY,Turkey Claims 152 Greek Islands. Here's Why.,"Aug 27, 2025",548,0
2026-02-14,_N_08zn95FY,Turkey Claims 152 Greek Islands. Here's Why.,"Aug 27, 2025",548,0
2026-02-15,_N_08zn95FY,Turkey Claims 152 Greek Islands. Here's Why.,"Aug 27, 2025",548,0
2026-02-16,_N_08zn95FY,Turkey Claims 152 Greek Islands. Here's Why.,"Aug 27, 2025",548,0
2026-02-17,_N_08zn95FY,Turkey Claims 152 Greek Islands. Here's Why.,"Aug 27, 2025",548,0
2026-02-18,_N_08zn95FY,Turkey Claims 152 Greek Islands. Here's Why.,"Aug 27, 2025",548,0
2026-02-19,_N_08zn95FY,Turkey Claims 152 Greek Islands. Here's Why.,"Aug 27, 2025",548,0
2026-02-20,_N_08zn95FY,Turkey Claims 152 Greek Islands. Here's Why.,"Aug 27, 2025",548,0
2026-02-21,_N_08zn95FY,Turkey Claims 152 Greek Islands. Here's Why.,"Aug 27, 2025",548,0
2026-02-22,_N_08zn95FY,Turkey Claims 152 Greek Islands. Here's Why.,"Aug 27, 2025",548,0
2026-02-23,_N_08zn95FY,Turkey Claims 152 Greek Islands. Here's Why.,"Aug 27, 2025",548,0
2026-02-24,_N_08zn95FY,Turkey Claims 152 Greek Islands. Here's Why.,"Aug 27, 2025",548,0
2026-02-25,_N_08zn95FY,Turkey Claims 152 Greek Islands. Here's Why.,"Aug 27, 2025",548,0
2026-02-26,_N_08zn95FY,Turkey Claims 152 Greek Islands. Here's Why.,"Aug 27, 2025",548,0
2026-02-27,_N_08zn95FY,Turkey Claims 152 Greek Islands. Here's Why.,"Aug 27, 2025",548,0
2026-02-28,_N_08zn95FY,Turkey Claims 152 Greek Islands. Here's Why.,"Aug 27, 2025",548,0
2026-03-01,_N_08zn95FY,Turkey Claims 152 Greek Islands. Here's Why.,"Aug 27, 2025",548,0
2026-03-02,_N_08zn95FY,Turkey Claims 152 Greek Islands. Here's Why.,"Aug 27, 2025",548,0
2026-03-03,_N_08zn95FY,Turkey Claims 152 Greek Islands. Here's Why.,"Aug 27, 2025",548,0
2026-03-04,_N_08zn95FY,Turkey Claims 152 Greek Islands. Here's Why.,"Aug 27, 2025",548,0
2026-03-05,_N_08zn95FY,Turkey Claims 152 Greek Islands. Here's Why.,"Aug 27, 2025",548,0
2026-03-06,_N_08zn95FY,Turkey Claims 152 Greek Islands. Here's Why.,"Aug 27, 2025",548,0
2026-03-07,_N_08zn95FY,Turkey Claims 152 Greek Islands. Here's Why.,"Aug 27, 2025",548,0
2026-03-08,_N_08zn95FY,Turkey Claims 152 Greek Islands. Here's Why.,"Aug 27, 2025",548,1
2026-03-09,_N_08zn95FY,Turkey Claims 152 Greek Islands. Here's Why.,"Aug 27, 2025",548,0
2026-03-10,_N_08zn95FY,Turkey Claims 152 Greek Islands. Here's Why.,"Aug 27, 2025",548,0
2026-03-11,_N_08zn95FY,Turkey Claims 152 Greek Islands. Here's Why.,"Aug 27, 2025",548,0
2026-03-12,_N_08zn95FY,Turkey Claims 152 Greek Islands. Here's Why.,"Aug 27, 2025",548,0
2026-03-13,_N_08zn95FY,Turkey Claims 152 Greek Islands. Here's Why.,"Aug 27, 2025",548,0
2026-03-14,_N_08zn95FY,Turkey Claims 152 Greek Islands. Here's Why.,"Aug 27, 2025",548,1
2026-03-15,_N_08zn95FY,Turkey Claims 152 Greek Islands. Here's Why.,"Aug 27, 2025",548,0
2026-03-16,_N_08zn95FY,Turkey Claims 152 Greek Islands. Here's Why.,"Aug 27, 2025",548,0
2026-03-17,_N_08zn95FY,Turkey Claims 152 Greek Islands. Here's Why.,"Aug 27, 2025",548,0
2026-03-18,_N_08zn95FY,Turkey Claims 152 Greek Islands. Here's Why.,"Aug 27, 2025",548,0
2026-03-19,_N_08zn95FY,Turkey Claims 152 Greek Islands. Here's Why.,"Aug 27, 2025",548,0
2026-03-20,_N_08zn95FY,Turkey Claims 152 Greek Islands. Here's Why.,"Aug 27, 2025",548,0
2026-03-21,_N_08zn95FY,Turkey Claims 152 Greek Islands. Here's Why.,"Aug 27, 2025",548,0
2026-03-22,_N_08zn95FY,Turkey Claims 152 Greek Islands. Here's Why.,"Aug 27, 2025",548,0
2026-03-23,_N_08zn95FY,Turkey Claims 152 Greek Islands. Here's Why.,"Aug 27, 2025",548,0
2026-03-24,_N_08zn95FY,Turkey Claims 152 Greek Islands. Here's Why.,"Aug 27, 2025",548,0
2026-03-25,_N_08zn95FY,Turkey Claims 152 Greek Islands. Here's Why.,"Aug 27, 2025",548,0
2026-03-26,_N_08zn95FY,Turkey Claims 152 Greek Islands. Here's Why.,"Aug 27, 2025",548,2
2026-03-27,_N_08zn95FY,Turkey Claims 152 Greek Islands. Here's Why.,"Aug 27, 2025",548,0
2026-03-28,_N_08zn95FY,Turkey Claims 152 Greek Islands. Here's Why.,"Aug 27, 2025",548,0
2026-03-29,_N_08zn95FY,Turkey Claims 152 Greek Islands. Here's Why.,"Aug 27, 2025",548,0
2026-03-30,_N_08zn95FY,Turkey Claims 152 Greek Islands. Here's Why.,"Aug 27, 2025",548,0
2026-03-31,_N_08zn95FY,Turkey Claims 152 Greek Islands. Here's Why.,"Aug 27, 2025",548,0
2026-04-01,_N_08zn95FY,Turkey Claims 152 Greek Islands. Here's Why.,"Aug 27, 2025",548,0
2026-04-02,_N_08zn95FY,Turkey Claims 152 Greek Islands. Here's Why.,"Aug 27, 2025",548,0
2026-04-03,_N_08zn95FY,Turkey Claims 152 Greek Islands. Here's Why.,"Aug 27, 2025",548,0
2026-04-04,_N_08zn95FY,Turkey Claims 152 Greek Islands. Here's Why.,"Aug 27, 2025",548,0
2026-04-05,_N_08zn95FY,Turkey Claims 152 Greek Islands. Here's Why.,"Aug 27, 2025",548,0
2026-04-06,_N_08zn95FY,Turkey Claims 152 Greek Islands. Here's Why.,"Aug 27, 2025",548,0
2026-04-07,_N_08zn95FY,Turkey Claims 152 Greek Islands. Here's Why.,"Aug 27, 2025",548,0
2026-04-08,_N_08zn95FY,Turkey Claims 152 Greek Islands. Here's Why.,"Aug 27, 2025",548,1
2026-04-09,_N_08zn95FY,Turkey Claims 152 Greek Islands. Here's Why.,"Aug 27, 2025",548,0
2026-04-10,_N_08zn95FY,Turkey Claims 152 Greek Islands. Here's Why.,"Aug 27, 2025",548,1
2026-04-11,_N_08zn95FY,Turkey Claims 152 Greek Islands. Here's Why.,"Aug 27, 2025",548,0
2026-04-12,_N_08zn95FY,Turkey Claims 152 Greek Islands. Here's Why.,"Aug 27, 2025",548,0
2026-04-13,_N_08zn95FY,Turkey Claims 152 Greek Islands. Here's Why.,"Aug 27, 2025",548,2
2026-04-14,_N_08zn95FY,Turkey Claims 152 Greek Islands. Here's Why.,"Aug 27, 2025",548,0
2026-04-15,_N_08zn95FY,Turkey Claims 152 Greek Islands. Here's Why.,"Aug 27, 2025",548,0
2026-04-16,_N_08zn95FY,Turkey Claims 152 Greek Islands. Here's Why.,"Aug 27, 2025",548,0
2026-04-17,_N_08zn95FY,Turkey Claims 152 Greek Islands. Here's Why.,"Aug 27, 2025",548,0
2026-04-18,_N_08zn95FY,Turkey Claims 152 Greek Islands. Here's Why.,"Aug 27, 2025",548,0
2026-04-19,_N_08zn95FY,Turkey Claims 152 Greek Islands. Here's Why.,"Aug 27, 2025",548,0
2026-04-20,_N_08zn95FY,Turkey Claims 152 Greek Islands. Here's Why.,"Aug 27, 2025",548,0
2026-04-21,_N_08zn95FY,Turkey Claims 152 Greek Islands. Here's Why.,"Aug 27, 2025",548,0
2026-04-22,_N_08zn95FY,Turkey Claims 152 Greek Islands. Here's Why.,"Aug 27, 2025",548,0
2026-04-23,_N_08zn95FY,Turkey Claims 152 Greek Islands. Here's Why.,"Aug 27, 2025",548,0
2026-04-24,_N_08zn95FY,Turkey Claims 152 Greek Islands. Here's Why.,"Aug 27, 2025",548,0
2026-04-25,_N_08zn95FY,Turkey Claims 152 Greek Islands. Here's Why.,"Aug 27, 2025",548,0
2026-04-26,_N_08zn95FY,Turkey Claims 152 Greek Islands. Here's Why.,"Aug 27, 2025",548,0
2026-04-27,_N_08zn95FY,Turkey Claims 152 Greek Islands. Here's Why.,"Aug 27, 2025",548,0
2026-04-28,_N_08zn95FY,Turkey Claims 152 Greek Islands. Here's Why.,"Aug 27, 2025",548,0
2026-04-29,_N_08zn95FY,Turkey Claims 152 Greek Islands. Here's Why.,"Aug 27, 2025",548,0
2026-04-30,_N_08zn95FY,Turkey Claims 152 Greek Islands. Here's Why.,"Aug 27, 2025",548,0
2026-05-01,_N_08zn95FY,Turkey Claims 152 Greek Islands. Here's Why.,"Aug 27, 2025",548,0
2026-05-02,_N_08zn95FY,Turkey Claims 152 Greek Islands. Here's Why.,"Aug 27, 2025",548,0
2026-05-03,_N_08zn95FY,Turkey Claims 152 Greek Islands. Here's Why.,"Aug 27, 2025",548,0
2026-05-04,_N_08zn95FY,Turkey Claims 152 Greek Islands. Here's Why.,"Aug 27, 2025",548,0
2026-05-05,_N_08zn95FY,Turkey Claims 152 Greek Islands. Here's Why.,"Aug 27, 2025",548,0
2026-05-06,_N_08zn95FY,Turkey Claims 152 Greek Islands. Here's Why.,"Aug 27, 2025",548,0
2026-05-07,_N_08zn95FY,Turkey Claims 152 Greek Islands. Here's Why.,"Aug 27, 2025",548,0
2026-05-08,_N_08zn95FY,Turkey Claims 152 Greek Islands. Here's Why.,"Aug 27, 2025",548,0
2026-05-09,_N_08zn95FY,Turkey Claims 152 Greek Islands. Here's Why.,"Aug 27, 2025",548,0
2026-05-10,_N_08zn95FY,Turkey Claims 152 Greek Islands. Here's Why.,"Aug 27, 2025",548,0
2026-05-11,_N_08zn95FY,Turkey Claims 152 Greek Islands. Here's Why.,"Aug 27, 2025",548,0
2026-05-12,_N_08zn95FY,Turkey Claims 152 Greek Islands. Here's Why.,"Aug 27, 2025",548,0
2026-05-13,_N_08zn95FY,Turkey Claims 152 Greek Islands. Here's Why.,"Aug 27, 2025",548,3
2026-05-14,_N_08zn95FY,Turkey Claims 152 Greek Islands. Here's Why.,"Aug 27, 2025",548,7
2026-05-15,_N_08zn95FY,Turkey Claims 152 Greek Islands. Here's Why.,"Aug 27, 2025",548,2
2026-05-16,_N_08zn95FY,Turkey Claims 152 Greek Islands. Here's Why.,"Aug 27, 2025",548,4
2026-05-17,_N_08zn95FY,Turkey Claims 152 Greek Islands. Here's Why.,"Aug 27, 2025",548,2
2026-05-18,_N_08zn95FY,Turkey Claims 152 Greek Islands. Here's Why.,"Aug 27, 2025",548,2
2026-05-19,_N_08zn95FY,Turkey Claims 152 Greek Islands. Here's Why.,"Aug 27, 2025",548,1
2026-05-20,_N_08zn95FY,Turkey Claims 152 Greek Islands. Here's Why.,"Aug 27, 2025",548,2
2026-05-21,_N_08zn95FY,Turkey Claims 152 Greek Islands. Here's Why.,"Aug 27, 2025",548,1
2026-05-22,_N_08zn95FY,Turkey Claims 152 Greek Islands. Here's Why.,"Aug 27, 2025",548,1
2026-05-23,_N_08zn95FY,Turkey Claims 152 Greek Islands. Here's Why.,"Aug 27, 2025",548,0
2026-05-24,_N_08zn95FY,Turkey Claims 152 Greek Islands. Here's Why.,"Aug 27, 2025",548,0
2026-05-25,_N_08zn95FY,Turkey Claims 152 Greek Islands. Here's Why.,"Aug 27, 2025",548,1
2026-05-26,_N_08zn95FY,Turkey Claims 152 Greek Islands. Here's Why.,"Aug 27, 2025",548,0
2026-05-27,_N_08zn95FY,Turkey Claims 152 Greek Islands. Here's Why.,"Aug 27, 2025",548,0
2026-05-28,_N_08zn95FY,Turkey Claims 152 Greek Islands. Here's Why.,"Aug 27, 2025",548,1
2026-05-29,_N_08zn95FY,Turkey Claims 152 Greek Islands. Here's Why.,"Aug 27, 2025",548,0
2026-05-30,_N_08zn95FY,Turkey Claims 152 Greek Islands. Here's Why.,"Aug 27, 2025",548,2
2026-05-31,_N_08zn95FY,Turkey Claims 152 Greek Islands. Here's Why.,"Aug 27, 2025",548,0
2026-06-01,_N_08zn95FY,Turkey Claims 152 Greek Islands. Here's Why.,"Aug 27, 2025",548,0
2026-06-02,_N_08zn95FY,Turkey Claims 152 Greek Islands. Here's Why.,"Aug 27, 2025",548,3
2026-06-03,_N_08zn95FY,Turkey Claims 152 Greek Islands. Here's Why.,"Aug 27, 2025",548,0
2026-06-04,_N_08zn95FY,Turkey Claims 152 Greek Islands. Here's Why.,"Aug 27, 2025",548,0
2026-06-05,_N_08zn95FY,Turkey Claims 152 Greek Islands. Here's Why.,"Aug 27, 2025",548,0
2026-06-06,_N_08zn95FY,Turkey Claims 152 Greek Islands. Here's Why.,"Aug 27, 2025",548,0
2026-06-07,_N_08zn95FY,Turkey Claims 152 Greek Islands. Here's Why.,"Aug 27, 2025",548,0
2026-06-08,_N_08zn95FY,Turkey Claims 152 Greek Islands. Here's Why.,"Aug 27, 2025",548,0
2026-06-09,_N_08zn95FY,Turkey Claims 152 Greek Islands. Here's Why.,"Aug 27, 2025",548,1
2026-06-10,_N_08zn95FY,Turkey Claims 152 Greek Islands. Here's Why.,"Aug 27, 2025",548,0
2026-06-11,_N_08zn95FY,Turkey Claims 152 Greek Islands. Here's Why.,"Aug 27, 2025",548,0
2026-06-12,_N_08zn95FY,Turkey Claims 152 Greek Islands. Here's Why.,"Aug 27, 2025",548,0
2026-06-13,_N_08zn95FY,Turkey Claims 152 Greek Islands. Here's Why.,"Aug 27, 2025",548,0
2026-06-14,_N_08zn95FY,Turkey Claims 152 Greek Islands. Here's Why.,"Aug 27, 2025",548,0
2026-06-15,_N_08zn95FY,Turkey Claims 152 Greek Islands. Here's Why.,"Aug 27, 2025",548,0
2026-06-16,_N_08zn95FY,Turkey Claims 152 Greek Islands. Here's Why.,"Aug 27, 2025",548,0
2026-06-17,_N_08zn95FY,Turkey Claims 152 Greek Islands. Here's Why.,"Aug 27, 2025",548,0
2026-06-18,_N_08zn95FY,Turkey Claims 152 Greek Islands. Here's Why.,"Aug 27, 2025",548,0
2026-06-19,_N_08zn95FY,Turkey Claims 152 Greek Islands. Here's Why.,"Aug 27, 2025",548,0
2026-06-20,_N_08zn95FY,Turkey Claims 152 Greek Islands. Here's Why.,"Aug 27, 2025",548,0
2026-06-21,_N_08zn95FY,Turkey Claims 152 Greek Islands. Here's Why.,"Aug 27, 2025",548,0
2026-06-22,_N_08zn95FY,Turkey Claims 152 Greek Islands. Here's Why.,"Aug 27, 2025",548,0
2026-06-23,_N_08zn95FY,Turkey Claims 152 Greek Islands. Here's Why.,"Aug 27, 2025",548,0
2026-06-24,_N_08zn95FY,Turkey Claims 152 Greek Islands. Here's Why.,"Aug 27, 2025",548,0
2026-06-25,_N_08zn95FY,Turkey Claims 152 Greek Islands. Here's Why.,"Aug 27, 2025",548,0
2026-06-26,_N_08zn95FY,Turkey Claims 152 Greek Islands. Here's Why.,"Aug 27, 2025",548,0
2026-06-27,_N_08zn95FY,Turkey Claims 152 Greek Islands. Here's Why.,"Aug 27, 2025",548,0
2026-06-28,_N_08zn95FY,Turkey Claims 152 Greek Islands. Here's Why.,"Aug 27, 2025",548,0
2026-06-29,_N_08zn95FY,Turkey Claims 152 Greek Islands. Here's Why.,"Aug 27, 2025",548,0
2026-06-30,_N_08zn95FY,Turkey Claims 152 Greek Islands. Here's Why.,"Aug 27, 2025",548,0
2026-07-01,_N_08zn95FY,Turkey Claims 152 Greek Islands. Here's Why.,"Aug 27, 2025",548,0
2026-07-02,_N_08zn95FY,Turkey Claims 152 Greek Islands. Here's Why.,"Aug 27, 2025",548,0
2026-07-03,_N_08zn95FY,Turkey Claims 152 Greek Islands. Here's Why.,"Aug 27, 2025",548,5
2026-07-04,_N_08zn95FY,Turkey Claims 152 Greek Islands. Here's Why.,"Aug 27, 2025",548,0
2026-07-05,_N_08zn95FY,Turkey Claims 152 Greek Islands. Here's Why.,"Aug 27, 2025",548,1
2026-07-06,_N_08zn95FY,Turkey Claims 152 Greek Islands. Here's Why.,"Aug 27, 2025",548,2
2026-07-07,_N_08zn95FY,Turkey Claims 152 Greek Islands. Here's Why.,"Aug 27, 2025",548,0
2026-07-08,_N_08zn95FY,Turkey Claims 152 Greek Islands. Here's Why.,"Aug 27, 2025",548,0
2026-07-09,_N_08zn95FY,Turkey Claims 152 Greek Islands. Here's Why.,"Aug 27, 2025",548,0
2026-07-10,_N_08zn95FY,Turkey Claims 152 Greek Islands. Here's Why.,"Aug 27, 2025",548,0
2026-07-11,_N_08zn95FY,Turkey Claims 152 Greek Islands. Here's Why.,"Aug 27, 2025",548,0
2026-07-12,_N_08zn95FY,Turkey Claims 152 Greek Islands. Here's Why.,"Aug 27, 2025",548,0
2026-07-13,_N_08zn95FY,Turkey Claims 152 Greek Islands. Here's Why.,"Aug 27, 2025",548,0
2026-07-14,_N_08zn95FY,Turkey Claims 152 Greek Islands. Here's Why.,"Aug 27, 2025",548,0
2026-07-15,_N_08zn95FY,Turkey Claims 152 Greek Islands. Here's Why.,"Aug 27, 2025",548,0
2026-07-16,_N_08zn95FY,Turkey Claims 152 Greek Islands. Here's Why.,"Aug 27, 2025",548,1
2026-07-17,_N_08zn95FY,Turkey Claims 152 Greek Islands. Here's Why.,"Aug 27, 2025",548,0
2026-07-18,_N_08zn95FY,Turkey Claims 152 Greek Islands. Here's Why.,"Aug 27, 2025",548,0
2026-07-19,_N_08zn95FY,Turkey Claims 152 Greek Islands. Here's Why.,"Aug 27, 2025",548,0
2026-07-20,_N_08zn95FY,Turkey Claims 152 Greek Islands. Here's Why.,"Aug 27, 2025",548,0
2026-07-21,_N_08zn95FY,Turkey Claims 152 Greek Islands. Here's Why.,"Aug 27, 2025",548,0
2025-07-22,oDK52GwjTIo,Venezuela vs Guyana: The Oil War Over Essequibo,"Oct 19, 2025",633,0
2025-07-23,oDK52GwjTIo,Venezuela vs Guyana: The Oil War Over Essequibo,"Oct 19, 2025",633,0
2025-07-24,oDK52GwjTIo,Venezuela vs Guyana: The Oil War Over Essequibo,"Oct 19, 2025",633,0
2025-07-25,oDK52GwjTIo,Venezuela vs Guyana: The Oil War Over Essequibo,"Oct 19, 2025",633,0
2025-07-26,oDK52GwjTIo,Venezuela vs Guyana: The Oil War Over Essequibo,"Oct 19, 2025",633,0
2025-07-27,oDK52GwjTIo,Venezuela vs Guyana: The Oil War Over Essequibo,"Oct 19, 2025",633,0
2025-07-28,oDK52GwjTIo,Venezuela vs Guyana: The Oil War Over Essequibo,"Oct 19, 2025",633,0
2025-07-29,oDK52GwjTIo,Venezuela vs Guyana: The Oil War Over Essequibo,"Oct 19, 2025",633,0
2025-07-30,oDK52GwjTIo,Venezuela vs Guyana: The Oil War Over Essequibo,"Oct 19, 2025",633,0
2025-07-31,oDK52GwjTIo,Venezuela vs Guyana: The Oil War Over Essequibo,"Oct 19, 2025",633,0
2025-08-01,oDK52GwjTIo,Venezuela vs Guyana: The Oil War Over Essequibo,"Oct 19, 2025",633,0
2025-08-02,oDK52GwjTIo,Venezuela vs Guyana: The Oil War Over Essequibo,"Oct 19, 2025",633,0
2025-08-03,oDK52GwjTIo,Venezuela vs Guyana: The Oil War Over Essequibo,"Oct 19, 2025",633,0
2025-08-04,oDK52GwjTIo,Venezuela vs Guyana: The Oil War Over Essequibo,"Oct 19, 2025",633,0
2025-08-05,oDK52GwjTIo,Venezuela vs Guyana: The Oil War Over Essequibo,"Oct 19, 2025",633,0
2025-08-06,oDK52GwjTIo,Venezuela vs Guyana: The Oil War Over Essequibo,"Oct 19, 2025",633,0
2025-08-07,oDK52GwjTIo,Venezuela vs Guyana: The Oil War Over Essequibo,"Oct 19, 2025",633,0
2025-08-08,oDK52GwjTIo,Venezuela vs Guyana: The Oil War Over Essequibo,"Oct 19, 2025",633,0
2025-08-09,oDK52GwjTIo,Venezuela vs Guyana: The Oil War Over Essequibo,"Oct 19, 2025",633,0
2025-08-10,oDK52GwjTIo,Venezuela vs Guyana: The Oil War Over Essequibo,"Oct 19, 2025",633,0
2025-08-11,oDK52GwjTIo,Venezuela vs Guyana: The Oil War Over Essequibo,"Oct 19, 2025",633,0
2025-08-12,oDK52GwjTIo,Venezuela vs Guyana: The Oil War Over Essequibo,"Oct 19, 2025",633,0
2025-08-13,oDK52GwjTIo,Venezuela vs Guyana: The Oil War Over Essequibo,"Oct 19, 2025",633,0
2025-08-14,oDK52GwjTIo,Venezuela vs Guyana: The Oil War Over Essequibo,"Oct 19, 2025",633,0
2025-08-15,oDK52GwjTIo,Venezuela vs Guyana: The Oil War Over Essequibo,"Oct 19, 2025",633,0
2025-08-16,oDK52GwjTIo,Venezuela vs Guyana: The Oil War Over Essequibo,"Oct 19, 2025",633,0
2025-08-17,oDK52GwjTIo,Venezuela vs Guyana: The Oil War Over Essequibo,"Oct 19, 2025",633,0
2025-08-18,oDK52GwjTIo,Venezuela vs Guyana: The Oil War Over Essequibo,"Oct 19, 2025",633,0
2025-08-19,oDK52GwjTIo,Venezuela vs Guyana: The Oil War Over Essequibo,"Oct 19, 2025",633,0
2025-08-20,oDK52GwjTIo,Venezuela vs Guyana: The Oil War Over Essequibo,"Oct 19, 2025",633,0
2025-08-21,oDK52GwjTIo,Venezuela vs Guyana: The Oil War Over Essequibo,"Oct 19, 2025",633,0
2025-08-22,oDK52GwjTIo,Venezuela vs Guyana: The Oil War Over Essequibo,"Oct 19, 2025",633,0
2025-08-23,oDK52GwjTIo,Venezuela vs Guyana: The Oil War Over Essequibo,"Oct 19, 2025",633,0
2025-08-24,oDK52GwjTIo,Venezuela vs Guyana: The Oil War Over Essequibo,"Oct 19, 2025",633,0
2025-08-25,oDK52GwjTIo,Venezuela vs Guyana: The Oil War Over Essequibo,"Oct 19, 2025",633,0
2025-08-26,oDK52GwjTIo,Venezuela vs Guyana: The Oil War Over Essequibo,"Oct 19, 2025",633,0
2025-08-27,oDK52GwjTIo,Venezuela vs Guyana: The Oil War Over Essequibo,"Oct 19, 2025",633,0
2025-08-28,oDK52GwjTIo,Venezuela vs Guyana: The Oil War Over Essequibo,"Oct 19, 2025",633,0
2025-08-29,oDK52GwjTIo,Venezuela vs Guyana: The Oil War Over Essequibo,"Oct 19, 2025",633,0
2025-08-30,oDK52GwjTIo,Venezuela vs Guyana: The Oil War Over Essequibo,"Oct 19, 2025",633,0
2025-08-31,oDK52GwjTIo,Venezuela vs Guyana: The Oil War Over Essequibo,"Oct 19, 2025",633,0
2025-09-01,oDK52GwjTIo,Venezuela vs Guyana: The Oil War Over Essequibo,"Oct 19, 2025",633,0
2025-09-02,oDK52GwjTIo,Venezuela vs Guyana: The Oil War Over Essequibo,"Oct 19, 2025",633,0
2025-09-03,oDK52GwjTIo,Venezuela vs Guyana: The Oil War Over Essequibo,"Oct 19, 2025",633,0
2025-09-04,oDK52GwjTIo,Venezuela vs Guyana: The Oil War Over Essequibo,"Oct 19, 2025",633,0
2025-09-05,oDK52GwjTIo,Venezuela vs Guyana: The Oil War Over Essequibo,"Oct 19, 2025",633,0
2025-09-06,oDK52GwjTIo,Venezuela vs Guyana: The Oil War Over Essequibo,"Oct 19, 2025",633,0
2025-09-07,oDK52GwjTIo,Venezuela vs Guyana: The Oil War Over Essequibo,"Oct 19, 2025",633,0
2025-09-08,oDK52GwjTIo,Venezuela vs Guyana: The Oil War Over Essequibo,"Oct 19, 2025",633,0
2025-09-09,oDK52GwjTIo,Venezuela vs Guyana: The Oil War Over Essequibo,"Oct 19, 2025",633,0
2025-09-10,oDK52GwjTIo,Venezuela vs Guyana: The Oil War Over Essequibo,"Oct 19, 2025",633,0
2025-09-11,oDK52GwjTIo,Venezuela vs Guyana: The Oil War Over Essequibo,"Oct 19, 2025",633,0
2025-09-12,oDK52GwjTIo,Venezuela vs Guyana: The Oil War Over Essequibo,"Oct 19, 2025",633,0
2025-09-13,oDK52GwjTIo,Venezuela vs Guyana: The Oil War Over Essequibo,"Oct 19, 2025",633,0
2025-09-14,oDK52GwjTIo,Venezuela vs Guyana: The Oil War Over Essequibo,"Oct 19, 2025",633,0
2025-09-15,oDK52GwjTIo,Venezuela vs Guyana: The Oil War Over Essequibo,"Oct 19, 2025",633,0
2025-09-16,oDK52GwjTIo,Venezuela vs Guyana: The Oil War Over Essequibo,"Oct 19, 2025",633,0
2025-09-17,oDK52GwjTIo,Venezuela vs Guyana: The Oil War Over Essequibo,"Oct 19, 2025",633,0
2025-09-18,oDK52GwjTIo,Venezuela vs Guyana: The Oil War Over Essequibo,"Oct 19, 2025",633,0
2025-09-19,oDK52GwjTIo,Venezuela vs Guyana: The Oil War Over Essequibo,"Oct 19, 2025",633,0
2025-09-20,oDK52GwjTIo,Venezuela vs Guyana: The Oil War Over Essequibo,"Oct 19, 2025",633,0
2025-09-21,oDK52GwjTIo,Venezuela vs Guyana: The Oil War Over Essequibo,"Oct 19, 2025",633,0
2025-09-22,oDK52GwjTIo,Venezuela vs Guyana: The Oil War Over Essequibo,"Oct 19, 2025",633,0
2025-09-23,oDK52GwjTIo,Venezuela vs Guyana: The Oil War Over Essequibo,"Oct 19, 2025",633,0
2025-09-24,oDK52GwjTIo,Venezuela vs Guyana: The Oil War Over Essequibo,"Oct 19, 2025",633,0
2025-09-25,oDK52GwjTIo,Venezuela vs Guyana: The Oil War Over Essequibo,"Oct 19, 2025",633,0
2025-09-26,oDK52GwjTIo,Venezuela vs Guyana: The Oil War Over Essequibo,"Oct 19, 2025",633,0
2025-09-27,oDK52GwjTIo,Venezuela vs Guyana: The Oil War Over Essequibo,"Oct 19, 2025",633,0
2025-09-28,oDK52GwjTIo,Venezuela vs Guyana: The Oil War Over Essequibo,"Oct 19, 2025",633,0
2025-09-29,oDK52GwjTIo,Venezuela vs Guyana: The Oil War Over Essequibo,"Oct 19, 2025",633,0
2025-09-30,oDK52GwjTIo,Venezuela vs Guyana: The Oil War Over Essequibo,"Oct 19, 2025",633,0
2025-10-01,oDK52GwjTIo,Venezuela vs Guyana: The Oil War Over Essequibo,"Oct 19, 2025",633,0
2025-10-02,oDK52GwjTIo,Venezuela vs Guyana: The Oil War Over Essequibo,"Oct 19, 2025",633,0
2025-10-03,oDK52GwjTIo,Venezuela vs Guyana: The Oil War Over Essequibo,"Oct 19, 2025",633,0
2025-10-04,oDK52GwjTIo,Venezuela vs Guyana: The Oil War Over Essequibo,"Oct 19, 2025",633,0
2025-10-05,oDK52GwjTIo,Venezuela vs Guyana: The Oil War Over Essequibo,"Oct 19, 2025",633,0
2025-10-06,oDK52GwjTIo,Venezuela vs Guyana: The Oil War Over Essequibo,"Oct 19, 2025",633,0
2025-10-07,oDK52GwjTIo,Venezuela vs Guyana: The Oil War Over Essequibo,"Oct 19, 2025",633,0
2025-10-08,oDK52GwjTIo,Venezuela vs Guyana: The Oil War Over Essequibo,"Oct 19, 2025",633,0
2025-10-09,oDK52GwjTIo,Venezuela vs Guyana: The Oil War Over Essequibo,"Oct 19, 2025",633,0
2025-10-10,oDK52GwjTIo,Venezuela vs Guyana: The Oil War Over Essequibo,"Oct 19, 2025",633,0
2025-10-11,oDK52GwjTIo,Venezuela vs Guyana: The Oil War Over Essequibo,"Oct 19, 2025",633,0
2025-10-12,oDK52GwjTIo,Venezuela vs Guyana: The Oil War Over Essequibo,"Oct 19, 2025",633,0
2025-10-13,oDK52GwjTIo,Venezuela vs Guyana: The Oil War Over Essequibo,"Oct 19, 2025",633,0
2025-10-14,oDK52GwjTIo,Venezuela vs Guyana: The Oil War Over Essequibo,"Oct 19, 2025",633,0
2025-10-15,oDK52GwjTIo,Venezuela vs Guyana: The Oil War Over Essequibo,"Oct 19, 2025",633,0
2025-10-16,oDK52GwjTIo,Venezuela vs Guyana: The Oil War Over Essequibo,"Oct 19, 2025",633,0
2025-10-17,oDK52GwjTIo,Venezuela vs Guyana: The Oil War Over Essequibo,"Oct 19, 2025",633,0
2025-10-18,oDK52GwjTIo,Venezuela vs Guyana: The Oil War Over Essequibo,"Oct 19, 2025",633,0
2025-10-19,oDK52GwjTIo,Venezuela vs Guyana: The Oil War Over Essequibo,"Oct 19, 2025",633,137
2025-10-20,oDK52GwjTIo,Venezuela vs Guyana: The Oil War Over Essequibo,"Oct 19, 2025",633,639
2025-10-21,oDK52GwjTIo,Venezuela vs Guyana: The Oil War Over Essequibo,"Oct 19, 2025",633,623
2025-10-22,oDK52GwjTIo,Venezuela vs Guyana: The Oil War Over Essequibo,"Oct 19, 2025",633,216
2025-10-23,oDK52GwjTIo,Venezuela vs Guyana: The Oil War Over Essequibo,"Oct 19, 2025",633,48
2025-10-24,oDK52GwjTIo,Venezuela vs Guyana: The Oil War Over Essequibo,"Oct 19, 2025",633,49
2025-10-25,oDK52GwjTIo,Venezuela vs Guyana: The Oil War Over Essequibo,"Oct 19, 2025",633,47
2025-10-26,oDK52GwjTIo,Venezuela vs Guyana: The Oil War Over Essequibo,"Oct 19, 2025",633,32
2025-10-27,oDK52GwjTIo,Venezuela vs Guyana: The Oil War Over Essequibo,"Oct 19, 2025",633,21
2025-10-28,oDK52GwjTIo,Venezuela vs Guyana: The Oil War Over Essequibo,"Oct 19, 2025",633,9
2025-10-29,oDK52GwjTIo,Venezuela vs Guyana: The Oil War Over Essequibo,"Oct 19, 2025",633,19
2025-10-30,oDK52GwjTIo,Venezuela vs Guyana: The Oil War Over Essequibo,"Oct 19, 2025",633,20
2025-10-31,oDK52GwjTIo,Venezuela vs Guyana: The Oil War Over Essequibo,"Oct 19, 2025",633,5
2025-11-01,oDK52GwjTIo,Venezuela vs Guyana: The Oil War Over Essequibo,"Oct 19, 2025",633,9
2025-11-02,oDK52GwjTIo,Venezuela vs Guyana: The Oil War Over Essequibo,"Oct 19, 2025",633,10
2025-11-03,oDK52GwjTIo,Venezuela vs Guyana: The Oil War Over Essequibo,"Oct 19, 2025",633,3
2025-11-04,oDK52GwjTIo,Venezuela vs Guyana: The Oil War Over Essequibo,"Oct 19, 2025",633,10
2025-11-05,oDK52GwjTIo,Venezuela vs Guyana: The Oil War Over Essequibo,"Oct 19, 2025",633,8
2025-11-06,oDK52GwjTIo,Venezuela vs Guyana: The Oil War Over Essequibo,"Oct 19, 2025",633,3
2025-11-07,oDK52GwjTIo,Venezuela vs Guyana: The Oil War Over Essequibo,"Oct 19, 2025",633,4
2025-11-08,oDK52GwjTIo,Venezuela vs Guyana: The Oil War Over Essequibo,"Oct 19, 2025",633,3
2025-11-09,oDK52GwjTIo,Venezuela vs Guyana: The Oil War Over Essequibo,"Oct 19, 2025",633,3
2025-11-10,oDK52GwjTIo,Venezuela vs Guyana: The Oil War Over Essequibo,"Oct 19, 2025",633,1
2025-11-11,oDK52GwjTIo,Venezuela vs Guyana: The Oil War Over Essequibo,"Oct 19, 2025",633,2
2025-11-12,oDK52GwjTIo,Venezuela vs Guyana: The Oil War Over Essequibo,"Oct 19, 2025",633,1
2025-11-13,oDK52GwjTIo,Venezuela vs Guyana: The Oil War Over Essequibo,"Oct 19, 2025",633,0
2025-11-14,oDK52GwjTIo,Venezuela vs Guyana: The Oil War Over Essequibo,"Oct 19, 2025",633,0
2025-11-15,oDK52GwjTIo,Venezuela vs Guyana: The Oil War Over Essequibo,"Oct 19, 2025",633,0
2025-11-16,oDK52GwjTIo,Venezuela vs Guyana: The Oil War Over Essequibo,"Oct 19, 2025",633,2
2025-11-17,oDK52GwjTIo,Venezuela vs Guyana: The Oil War Over Essequibo,"Oct 19, 2025",633,1
2025-11-18,oDK52GwjTIo,Venezuela vs Guyana: The Oil War Over Essequibo,"Oct 19, 2025",633,0
2025-11-19,oDK52GwjTIo,Venezuela vs Guyana: The Oil War Over Essequibo,"Oct 19, 2025",633,0
2025-11-20,oDK52GwjTIo,Venezuela vs Guyana: The Oil War Over Essequibo,"Oct 19, 2025",633,2
2025-11-21,oDK52GwjTIo,Venezuela vs Guyana: The Oil War Over Essequibo,"Oct 19, 2025",633,2
2025-11-22,oDK52GwjTIo,Venezuela vs Guyana: The Oil War Over Essequibo,"Oct 19, 2025",633,7
2025-11-23,oDK52GwjTIo,Venezuela vs Guyana: The Oil War Over Essequibo,"Oct 19, 2025",633,2
2025-11-24,oDK52GwjTIo,Venezuela vs Guyana: The Oil War Over Essequibo,"Oct 19, 2025",633,3
2025-11-25,oDK52GwjTIo,Venezuela vs Guyana: The Oil War Over Essequibo,"Oct 19, 2025",633,3
2025-11-26,oDK52GwjTIo,Venezuela vs Guyana: The Oil War Over Essequibo,"Oct 19, 2025",633,2
2025-11-27,oDK52GwjTIo,Venezuela vs Guyana: The Oil War Over Essequibo,"Oct 19, 2025",633,1
2025-11-28,oDK52GwjTIo,Venezuela vs Guyana: The Oil War Over Essequibo,"Oct 19, 2025",633,1
2025-11-29,oDK52GwjTIo,Venezuela vs Guyana: The Oil War Over Essequibo,"Oct 19, 2025",633,2
2025-11-30,oDK52GwjTIo,Venezuela vs Guyana: The Oil War Over Essequibo,"Oct 19, 2025",633,1
2025-12-01,oDK52GwjTIo,Venezuela vs Guyana: The Oil War Over Essequibo,"Oct 19, 2025",633,2
2025-12-02,oDK52GwjTIo,Venezuela vs Guyana: The Oil War Over Essequibo,"Oct 19, 2025",633,0
2025-12-03,oDK52GwjTIo,Venezuela vs Guyana: The Oil War Over Essequibo,"Oct 19, 2025",633,0
2025-12-04,oDK52GwjTIo,Venezuela vs Guyana: The Oil War Over Essequibo,"Oct 19, 2025",633,1
2025-12-05,oDK52GwjTIo,Venezuela vs Guyana: The Oil War Over Essequibo,"Oct 19, 2025",633,0
2025-12-06,oDK52GwjTIo,Venezuela vs Guyana: The Oil War Over Essequibo,"Oct 19, 2025",633,0
2025-12-07,oDK52GwjTIo,Venezuela vs Guyana: The Oil War Over Essequibo,"Oct 19, 2025",633,1
2025-12-08,oDK52GwjTIo,Venezuela vs Guyana: The Oil War Over Essequibo,"Oct 19, 2025",633,1
2025-12-09,oDK52GwjTIo,Venezuela vs Guyana: The Oil War Over Essequibo,"Oct 19, 2025",633,0
2025-12-10,oDK52GwjTIo,Venezuela vs Guyana: The Oil War Over Essequibo,"Oct 19, 2025",633,0
2025-12-11,oDK52GwjTIo,Venezuela vs Guyana: The Oil War Over Essequibo,"Oct 19, 2025",633,0
2025-12-12,oDK52GwjTIo,Venezuela vs Guyana: The Oil War Over Essequibo,"Oct 19, 2025",633,0
2025-12-13,oDK52GwjTIo,Venezuela vs Guyana: The Oil War Over Essequibo,"Oct 19, 2025",633,0
2025-12-14,oDK52GwjTIo,Venezuela vs Guyana: The Oil War Over Essequibo,"Oct 19, 2025",633,0
2025-12-15,oDK52GwjTIo,Venezuela vs Guyana: The Oil War Over Essequibo,"Oct 19, 2025",633,0
2025-12-16,oDK52GwjTIo,Venezuela vs Guyana: The Oil War Over Essequibo,"Oct 19, 2025",633,1
2025-12-17,oDK52GwjTIo,Venezuela vs Guyana: The Oil War Over Essequibo,"Oct 19, 2025",633,0
2025-12-18,oDK52GwjTIo,Venezuela vs Guyana: The Oil War Over Essequibo,"Oct 19, 2025",633,0
2025-12-19,oDK52GwjTIo,Venezuela vs Guyana: The Oil War Over Essequibo,"Oct 19, 2025",633,0
2025-12-20,oDK52GwjTIo,Venezuela vs Guyana: The Oil War Over Essequibo,"Oct 19, 2025",633,0
2025-12-21,oDK52GwjTIo,Venezuela vs Guyana: The Oil War Over Essequibo,"Oct 19, 2025",633,0
2025-12-22,oDK52GwjTIo,Venezuela vs Guyana: The Oil War Over Essequibo,"Oct 19, 2025",633,0
2025-12-23,oDK52GwjTIo,Venezuela vs Guyana: The Oil War Over Essequibo,"Oct 19, 2025",633,0
2025-12-24,oDK52GwjTIo,Venezuela vs Guyana: The Oil War Over Essequibo,"Oct 19, 2025",633,0
2025-12-25,oDK52GwjTIo,Venezuela vs Guyana: The Oil War Over Essequibo,"Oct 19, 2025",633,0
2025-12-26,oDK52GwjTIo,Venezuela vs Guyana: The Oil War Over Essequibo,"Oct 19, 2025",633,2
2025-12-27,oDK52GwjTIo,Venezuela vs Guyana: The Oil War Over Essequibo,"Oct 19, 2025",633,0
2025-12-28,oDK52GwjTIo,Venezuela vs Guyana: The Oil War Over Essequibo,"Oct 19, 2025",633,0
2025-12-29,oDK52GwjTIo,Venezuela vs Guyana: The Oil War Over Essequibo,"Oct 19, 2025",633,0
2025-12-30,oDK52GwjTIo,Venezuela vs Guyana: The Oil War Over Essequibo,"Oct 19, 2025",633,0
2025-12-31,oDK52GwjTIo,Venezuela vs Guyana: The Oil War Over Essequibo,"Oct 19, 2025",633,1
2026-01-01,oDK52GwjTIo,Venezuela vs Guyana: The Oil War Over Essequibo,"Oct 19, 2025",633,0
2026-01-02,oDK52GwjTIo,Venezuela vs Guyana: The Oil War Over Essequibo,"Oct 19, 2025",633,0
2026-01-03,oDK52GwjTIo,Venezuela vs Guyana: The Oil War Over Essequibo,"Oct 19, 2025",633,0
2026-01-04,oDK52GwjTIo,Venezuela vs Guyana: The Oil War Over Essequibo,"Oct 19, 2025",633,0
2026-01-05,oDK52GwjTIo,Venezuela vs Guyana: The Oil War Over Essequibo,"Oct 19, 2025",633,0
2026-01-06,oDK52GwjTIo,Venezuela vs Guyana: The Oil War Over Essequibo,"Oct 19, 2025",633,0
2026-01-07,oDK52GwjTIo,Venezuela vs Guyana: The Oil War Over Essequibo,"Oct 19, 2025",633,0
2026-01-08,oDK52GwjTIo,Venezuela vs Guyana: The Oil War Over Essequibo,"Oct 19, 2025",633,0
2026-01-09,oDK52GwjTIo,Venezuela vs Guyana: The Oil War Over Essequibo,"Oct 19, 2025",633,0
2026-01-10,oDK52GwjTIo,Venezuela vs Guyana: The Oil War Over Essequibo,"Oct 19, 2025",633,0
2026-01-11,oDK52GwjTIo,Venezuela vs Guyana: The Oil War Over Essequibo,"Oct 19, 2025",633,0
2026-01-12,oDK52GwjTIo,Venezuela vs Guyana: The Oil War Over Essequibo,"Oct 19, 2025",633,0
2026-01-13,oDK52GwjTIo,Venezuela vs Guyana: The Oil War Over Essequibo,"Oct 19, 2025",633,0
2026-01-14,oDK52GwjTIo,Venezuela vs Guyana: The Oil War Over Essequibo,"Oct 19, 2025",633,0
2026-01-15,oDK52GwjTIo,Venezuela vs Guyana: The Oil War Over Essequibo,"Oct 19, 2025",633,0
2026-01-16,oDK52GwjTIo,Venezuela vs Guyana: The Oil War Over Essequibo,"Oct 19, 2025",633,0
2026-01-17,oDK52GwjTIo,Venezuela vs Guyana: The Oil War Over Essequibo,"Oct 19, 2025",633,0
2026-01-18,oDK52GwjTIo,Venezuela vs Guyana: The Oil War Over Essequibo,"Oct 19, 2025",633,0
2026-01-19,oDK52GwjTIo,Venezuela vs Guyana: The Oil War Over Essequibo,"Oct 19, 2025",633,1
2026-01-20,oDK52GwjTIo,Venezuela vs Guyana: The Oil War Over Essequibo,"Oct 19, 2025",633,0
2026-01-21,oDK52GwjTIo,Venezuela vs Guyana: The Oil War Over Essequibo,"Oct 19, 2025",633,0
2026-01-22,oDK52GwjTIo,Venezuela vs Guyana: The Oil War Over Essequibo,"Oct 19, 2025",633,0
2026-01-23,oDK52GwjTIo,Venezuela vs Guyana: The Oil War Over Essequibo,"Oct 19, 2025",633,0
2026-01-24,oDK52GwjTIo,Venezuela vs Guyana: The Oil War Over Essequibo,"Oct 19, 2025",633,0
2026-01-25,oDK52GwjTIo,Venezuela vs Guyana: The Oil War Over Essequibo,"Oct 19, 2025",633,0
2026-01-26,oDK52GwjTIo,Venezuela vs Guyana: The Oil War Over Essequibo,"Oct 19, 2025",633,0
2026-01-27,oDK52GwjTIo,Venezuela vs Guyana: The Oil War Over Essequibo,"Oct 19, 2025",633,0
2026-01-28,oDK52GwjTIo,Venezuela vs Guyana: The Oil War Over Essequibo,"Oct 19, 2025",633,0
2026-01-29,oDK52GwjTIo,Venezuela vs Guyana: The Oil War Over Essequibo,"Oct 19, 2025",633,0
2026-01-30,oDK52GwjTIo,Venezuela vs Guyana: The Oil War Over Essequibo,"Oct 19, 2025",633,0
2026-01-31,oDK52GwjTIo,Venezuela vs Guyana: The Oil War Over Essequibo,"Oct 19, 2025",633,0
2026-02-01,oDK52GwjTIo,Venezuela vs Guyana: The Oil War Over Essequibo,"Oct 19, 2025",633,0
2026-02-02,oDK52GwjTIo,Venezuela vs Guyana: The Oil War Over Essequibo,"Oct 19, 2025",633,0
2026-02-03,oDK52GwjTIo,Venezuela vs Guyana: The Oil War Over Essequibo,"Oct 19, 2025",633,0
2026-02-04,oDK52GwjTIo,Venezuela vs Guyana: The Oil War Over Essequibo,"Oct 19, 2025",633,0
2026-02-05,oDK52GwjTIo,Venezuela vs Guyana: The Oil War Over Essequibo,"Oct 19, 2025",633,0
2026-02-06,oDK52GwjTIo,Venezuela vs Guyana: The Oil War Over Essequibo,"Oct 19, 2025",633,0
2026-02-07,oDK52GwjTIo,Venezuela vs Guyana: The Oil War Over Essequibo,"Oct 19, 2025",633,0
2026-02-08,oDK52GwjTIo,Venezuela vs Guyana: The Oil War Over Essequibo,"Oct 19, 2025",633,0
2026-02-09,oDK52GwjTIo,Venezuela vs Guyana: The Oil War Over Essequibo,"Oct 19, 2025",633,0
2026-02-10,oDK52GwjTIo,Venezuela vs Guyana: The Oil War Over Essequibo,"Oct 19, 2025",633,0
2026-02-11,oDK52GwjTIo,Venezuela vs Guyana: The Oil War Over Essequibo,"Oct 19, 2025",633,0
2026-02-12,oDK52GwjTIo,Venezuela vs Guyana: The Oil War Over Essequibo,"Oct 19, 2025",633,0
2026-02-13,oDK52GwjTIo,Venezuela vs Guyana: The Oil War Over Essequibo,"Oct 19, 2025",633,0
2026-02-14,oDK52GwjTIo,Venezuela vs Guyana: The Oil War Over Essequibo,"Oct 19, 2025",633,0
2026-02-15,oDK52GwjTIo,Venezuela vs Guyana: The Oil War Over Essequibo,"Oct 19, 2025",633,0
2026-02-16,oDK52GwjTIo,Venezuela vs Guyana: The Oil War Over Essequibo,"Oct 19, 2025",633,0
2026-02-17,oDK52GwjTIo,Venezuela vs Guyana: The Oil War Over Essequibo,"Oct 19, 2025",633,0
2026-02-18,oDK52GwjTIo,Venezuela vs Guyana: The Oil War Over Essequibo,"Oct 19, 2025",633,0
2026-02-19,oDK52GwjTIo,Venezuela vs Guyana: The Oil War Over Essequibo,"Oct 19, 2025",633,1
2026-02-20,oDK52GwjTIo,Venezuela vs Guyana: The Oil War Over Essequibo,"Oct 19, 2025",633,0
2026-02-21,oDK52GwjTIo,Venezuela vs Guyana: The Oil War Over Essequibo,"Oct 19, 2025",633,0
2026-02-22,oDK52GwjTIo,Venezuela vs Guyana: The Oil War Over Essequibo,"Oct 19, 2025",633,0
2026-02-23,oDK52GwjTIo,Venezuela vs Guyana: The Oil War Over Essequibo,"Oct 19, 2025",633,0
2026-02-24,oDK52GwjTIo,Venezuela vs Guyana: The Oil War Over Essequibo,"Oct 19, 2025",633,0
2026-02-25,oDK52GwjTIo,Venezuela vs Guyana: The Oil War Over Essequibo,"Oct 19, 2025",633,0
2026-02-26,oDK52GwjTIo,Venezuela vs Guyana: The Oil War Over Essequibo,"Oct 19, 2025",633,0
2026-02-27,oDK52GwjTIo,Venezuela vs Guyana: The Oil War Over Essequibo,"Oct 19, 2025",633,0
2026-02-28,oDK52GwjTIo,Venezuela vs Guyana: The Oil War Over Essequibo,"Oct 19, 2025",633,0
2026-03-01,oDK52GwjTIo,Venezuela vs Guyana: The Oil War Over Essequibo,"Oct 19, 2025",633,0
2026-03-02,oDK52GwjTIo,Venezuela vs Guyana: The Oil War Over Essequibo,"Oct 19, 2025",633,0
2026-03-03,oDK52GwjTIo,Venezuela vs Guyana: The Oil War Over Essequibo,"Oct 19, 2025",633,0
2026-03-04,oDK52GwjTIo,Venezuela vs Guyana: The Oil War Over Essequibo,"Oct 19, 2025",633,0
2026-03-05,oDK52GwjTIo,Venezuela vs Guyana: The Oil War Over Essequibo,"Oct 19, 2025",633,0
2026-03-06,oDK52GwjTIo,Venezuela vs Guyana: The Oil War Over Essequibo,"Oct 19, 2025",633,0
2026-03-07,oDK52GwjTIo,Venezuela vs Guyana: The Oil War Over Essequibo,"Oct 19, 2025",633,0
2026-03-08,oDK52GwjTIo,Venezuela vs Guyana: The Oil War Over Essequibo,"Oct 19, 2025",633,0
2026-03-09,oDK52GwjTIo,Venezuela vs Guyana: The Oil War Over Essequibo,"Oct 19, 2025",633,2
2026-03-10,oDK52GwjTIo,Venezuela vs Guyana: The Oil War Over Essequibo,"Oct 19, 2025",633,0
2026-03-11,oDK52GwjTIo,Venezuela vs Guyana: The Oil War Over Essequibo,"Oct 19, 2025",633,0
2026-03-12,oDK52GwjTIo,Venezuela vs Guyana: The Oil War Over Essequibo,"Oct 19, 2025",633,0
2026-03-13,oDK52GwjTIo,Venezuela vs Guyana: The Oil War Over Essequibo,"Oct 19, 2025",633,0
2026-03-14,oDK52GwjTIo,Venezuela vs Guyana: The Oil War Over Essequibo,"Oct 19, 2025",633,0
2026-03-15,oDK52GwjTIo,Venezuela vs Guyana: The Oil War Over Essequibo,"Oct 19, 2025",633,0
2026-03-16,oDK52GwjTIo,Venezuela vs Guyana: The Oil War Over Essequibo,"Oct 19, 2025",633,0
2026-03-17,oDK52GwjTIo,Venezuela vs Guyana: The Oil War Over Essequibo,"Oct 19, 2025",633,0
2026-03-18,oDK52GwjTIo,Venezuela vs Guyana: The Oil War Over Essequibo,"Oct 19, 2025",633,0
2026-03-19,oDK52GwjTIo,Venezuela vs Guyana: The Oil War Over Essequibo,"Oct 19, 2025",633,0
2026-03-20,oDK52GwjTIo,Venezuela vs Guyana: The Oil War Over Essequibo,"Oct 19, 2025",633,0
2026-03-21,oDK52GwjTIo,Venezuela vs Guyana: The Oil War Over Essequibo,"Oct 19, 2025",633,0
2026-03-22,oDK52GwjTIo,Venezuela vs Guyana: The Oil War Over Essequibo,"Oct 19, 2025",633,0
2026-03-23,oDK52GwjTIo,Venezuela vs Guyana: The Oil War Over Essequibo,"Oct 19, 2025",633,0
2026-03-24,oDK52GwjTIo,Venezuela vs Guyana: The Oil War Over Essequibo,"Oct 19, 2025",633,0
2026-03-25,oDK52GwjTIo,Venezuela vs Guyana: The Oil War Over Essequibo,"Oct 19, 2025",633,1
2026-03-26,oDK52GwjTIo,Venezuela vs Guyana: The Oil War Over Essequibo,"Oct 19, 2025",633,0
2026-03-27,oDK52GwjTIo,Venezuela vs Guyana: The Oil War Over Essequibo,"Oct 19, 2025",633,0
2026-03-28,oDK52GwjTIo,Venezuela vs Guyana: The Oil War Over Essequibo,"Oct 19, 2025",633,0
2026-03-29,oDK52GwjTIo,Venezuela vs Guyana: The Oil War Over Essequibo,"Oct 19, 2025",633,0
2026-03-30,oDK52GwjTIo,Venezuela vs Guyana: The Oil War Over Essequibo,"Oct 19, 2025",633,0
2026-03-31,oDK52GwjTIo,Venezuela vs Guyana: The Oil War Over Essequibo,"Oct 19, 2025",633,0
2026-04-01,oDK52GwjTIo,Venezuela vs Guyana: The Oil War Over Essequibo,"Oct 19, 2025",633,0
2026-04-02,oDK52GwjTIo,Venezuela vs Guyana: The Oil War Over Essequibo,"Oct 19, 2025",633,0
2026-04-03,oDK52GwjTIo,Venezuela vs Guyana: The Oil War Over Essequibo,"Oct 19, 2025",633,1
2026-04-04,oDK52GwjTIo,Venezuela vs Guyana: The Oil War Over Essequibo,"Oct 19, 2025",633,0
2026-04-05,oDK52GwjTIo,Venezuela vs Guyana: The Oil War Over Essequibo,"Oct 19, 2025",633,0
2026-04-06,oDK52GwjTIo,Venezuela vs Guyana: The Oil War Over Essequibo,"Oct 19, 2025",633,0
2026-04-07,oDK52GwjTIo,Venezuela vs Guyana: The Oil War Over Essequibo,"Oct 19, 2025",633,0
2026-04-08,oDK52GwjTIo,Venezuela vs Guyana: The Oil War Over Essequibo,"Oct 19, 2025",633,0
2026-04-09,oDK52GwjTIo,Venezuela vs Guyana: The Oil War Over Essequibo,"Oct 19, 2025",633,0
2026-04-10,oDK52GwjTIo,Venezuela vs Guyana: The Oil War Over Essequibo,"Oct 19, 2025",633,0
2026-04-11,oDK52GwjTIo,Venezuela vs Guyana: The Oil War Over Essequibo,"Oct 19, 2025",633,0
2026-04-12,oDK52GwjTIo,Venezuela vs Guyana: The Oil War Over Essequibo,"Oct 19, 2025",633,0
2026-04-13,oDK52GwjTIo,Venezuela vs Guyana: The Oil War Over Essequibo,"Oct 19, 2025",633,0
2026-04-14,oDK52GwjTIo,Venezuela vs Guyana: The Oil War Over Essequibo,"Oct 19, 2025",633,0
2026-04-15,oDK52GwjTIo,Venezuela vs Guyana: The Oil War Over Essequibo,"Oct 19, 2025",633,0
2026-04-16,oDK52GwjTIo,Venezuela vs Guyana: The Oil War Over Essequibo,"Oct 19, 2025",633,0
2026-04-17,oDK52GwjTIo,Venezuela vs Guyana: The Oil War Over Essequibo,"Oct 19, 2025",633,0
2026-04-18,oDK52GwjTIo,Venezuela vs Guyana: The Oil War Over Essequibo,"Oct 19, 2025",633,0
2026-04-19,oDK52GwjTIo,Venezuela vs Guyana: The Oil War Over Essequibo,"Oct 19, 2025",633,0
2026-04-20,oDK52GwjTIo,Venezuela vs Guyana: The Oil War Over Essequibo,"Oct 19, 2025",633,0
2026-04-21,oDK52GwjTIo,Venezuela vs Guyana: The Oil War Over Essequibo,"Oct 19, 2025",633,0
2026-04-22,oDK52GwjTIo,Venezuela vs Guyana: The Oil War Over Essequibo,"Oct 19, 2025",633,0
2026-04-23,oDK52GwjTIo,Venezuela vs Guyana: The Oil War Over Essequibo,"Oct 19, 2025",633,0
2026-04-24,oDK52GwjTIo,Venezuela vs Guyana: The Oil War Over Essequibo,"Oct 19, 2025",633,0
2026-04-25,oDK52GwjTIo,Venezuela vs Guyana: The Oil War Over Essequibo,"Oct 19, 2025",633,0
2026-04-26,oDK52GwjTIo,Venezuela vs Guyana: The Oil War Over Essequibo,"Oct 19, 2025",633,0
2026-04-27,oDK52GwjTIo,Venezuela vs Guyana: The Oil War Over Essequibo,"Oct 19, 2025",633,0
2026-04-28,oDK52GwjTIo,Venezuela vs Guyana: The Oil War Over Essequibo,"Oct 19, 2025",633,0
2026-04-29,oDK52GwjTIo,Venezuela vs Guyana: The Oil War Over Essequibo,"Oct 19, 2025",633,0
2026-04-30,oDK52GwjTIo,Venezuela vs Guyana: The Oil War Over Essequibo,"Oct 19, 2025",633,0
2026-05-01,oDK52GwjTIo,Venezuela vs Guyana: The Oil War Over Essequibo,"Oct 19, 2025",633,0
2026-05-02,oDK52GwjTIo,Venezuela vs Guyana: The Oil War Over Essequibo,"Oct 19, 2025",633,0
2026-05-03,oDK52GwjTIo,Venezuela vs Guyana: The Oil War Over Essequibo,"Oct 19, 2025",633,0
2026-05-04,oDK52GwjTIo,Venezuela vs Guyana: The Oil War Over Essequibo,"Oct 19, 2025",633,0
2026-05-05,oDK52GwjTIo,Venezuela vs Guyana: The Oil War Over Essequibo,"Oct 19, 2025",633,0
2026-05-06,oDK52GwjTIo,Venezuela vs Guyana: The Oil War Over Essequibo,"Oct 19, 2025",633,0
2026-05-07,oDK52GwjTIo,Venezuela vs Guyana: The Oil War Over Essequibo,"Oct 19, 2025",633,0
2026-05-08,oDK52GwjTIo,Venezuela vs Guyana: The Oil War Over Essequibo,"Oct 19, 2025",633,0
2026-05-09,oDK52GwjTIo,Venezuela vs Guyana: The Oil War Over Essequibo,"Oct 19, 2025",633,0
2026-05-10,oDK52GwjTIo,Venezuela vs Guyana: The Oil War Over Essequibo,"Oct 19, 2025",633,0
2026-05-11,oDK52GwjTIo,Venezuela vs Guyana: The Oil War Over Essequibo,"Oct 19, 2025",633,0
2026-05-12,oDK52GwjTIo,Venezuela vs Guyana: The Oil War Over Essequibo,"Oct 19, 2025",633,0
2026-05-13,oDK52GwjTIo,Venezuela vs Guyana: The Oil War Over Essequibo,"Oct 19, 2025",633,0
2026-05-14,oDK52GwjTIo,Venezuela vs Guyana: The Oil War Over Essequibo,"Oct 19, 2025",633,0
2026-05-15,oDK52GwjTIo,Venezuela vs Guyana: The Oil War Over Essequibo,"Oct 19, 2025",633,0
2026-05-16,oDK52GwjTIo,Venezuela vs Guyana: The Oil War Over Essequibo,"Oct 19, 2025",633,0
2026-05-17,oDK52GwjTIo,Venezuela vs Guyana: The Oil War Over Essequibo,"Oct 19, 2025",633,0
2026-05-18,oDK52GwjTIo,Venezuela vs Guyana: The Oil War Over Essequibo,"Oct 19, 2025",633,0
2026-05-19,oDK52GwjTIo,Venezuela vs Guyana: The Oil War Over Essequibo,"Oct 19, 2025",633,0
2026-05-20,oDK52GwjTIo,Venezuela vs Guyana: The Oil War Over Essequibo,"Oct 19, 2025",633,0
2026-05-21,oDK52GwjTIo,Venezuela vs Guyana: The Oil War Over Essequibo,"Oct 19, 2025",633,0
2026-05-22,oDK52GwjTIo,Venezuela vs Guyana: The Oil War Over Essequibo,"Oct 19, 2025",633,0
2026-05-23,oDK52GwjTIo,Venezuela vs Guyana: The Oil War Over Essequibo,"Oct 19, 2025",633,0
2026-05-24,oDK52GwjTIo,Venezuela vs Guyana: The Oil War Over Essequibo,"Oct 19, 2025",633,0
2026-05-25,oDK52GwjTIo,Venezuela vs Guyana: The Oil War Over Essequibo,"Oct 19, 2025",633,0
2026-05-26,oDK52GwjTIo,Venezuela vs Guyana: The Oil War Over Essequibo,"Oct 19, 2025",633,0
2026-05-27,oDK52GwjTIo,Venezuela vs Guyana: The Oil War Over Essequibo,"Oct 19, 2025",633,0
2026-05-28,oDK52GwjTIo,Venezuela vs Guyana: The Oil War Over Essequibo,"Oct 19, 2025",633,0
2026-05-29,oDK52GwjTIo,Venezuela vs Guyana: The Oil War Over Essequibo,"Oct 19, 2025",633,0
2026-05-30,oDK52GwjTIo,Venezuela vs Guyana: The Oil War Over Essequibo,"Oct 19, 2025",633,0
2026-05-31,oDK52GwjTIo,Venezuela vs Guyana: The Oil War Over Essequibo,"Oct 19, 2025",633,0
2026-06-01,oDK52GwjTIo,Venezuela vs Guyana: The Oil War Over Essequibo,"Oct 19, 2025",633,0
2026-06-02,oDK52GwjTIo,Venezuela vs Guyana: The Oil War Over Essequibo,"Oct 19, 2025",633,0
2026-06-03,oDK52GwjTIo,Venezuela vs Guyana: The Oil War Over Essequibo,"Oct 19, 2025",633,0
2026-06-04,oDK52GwjTIo,Venezuela vs Guyana: The Oil War Over Essequibo,"Oct 19, 2025",633,0
2026-06-05,oDK52GwjTIo,Venezuela vs Guyana: The Oil War Over Essequibo,"Oct 19, 2025",633,0
2026-06-06,oDK52GwjTIo,Venezuela vs Guyana: The Oil War Over Essequibo,"Oct 19, 2025",633,0
2026-06-07,oDK52GwjTIo,Venezuela vs Guyana: The Oil War Over Essequibo,"Oct 19, 2025",633,0
2026-06-08,oDK52GwjTIo,Venezuela vs Guyana: The Oil War Over Essequibo,"Oct 19, 2025",633,0
2026-06-09,oDK52GwjTIo,Venezuela vs Guyana: The Oil War Over Essequibo,"Oct 19, 2025",633,0
2026-06-10,oDK52GwjTIo,Venezuela vs Guyana: The Oil War Over Essequibo,"Oct 19, 2025",633,0
2026-06-11,oDK52GwjTIo,Venezuela vs Guyana: The Oil War Over Essequibo,"Oct 19, 2025",633,0
2026-06-12,oDK52GwjTIo,Venezuela vs Guyana: The Oil War Over Essequibo,"Oct 19, 2025",633,0
2026-06-13,oDK52GwjTIo,Venezuela vs Guyana: The Oil War Over Essequibo,"Oct 19, 2025",633,0
2026-06-14,oDK52GwjTIo,Venezuela vs Guyana: The Oil War Over Essequibo,"Oct 19, 2025",633,0
2026-06-15,oDK52GwjTIo,Venezuela vs Guyana: The Oil War Over Essequibo,"Oct 19, 2025",633,0
2026-06-16,oDK52GwjTIo,Venezuela vs Guyana: The Oil War Over Essequibo,"Oct 19, 2025",633,0
2026-06-17,oDK52GwjTIo,Venezuela vs Guyana: The Oil War Over Essequibo,"Oct 19, 2025",633,0
2026-06-18,oDK52GwjTIo,Venezuela vs Guyana: The Oil War Over Essequibo,"Oct 19, 2025",633,0
2026-06-19,oDK52GwjTIo,Venezuela vs Guyana: The Oil War Over Essequibo,"Oct 19, 2025",633,0
2026-06-20,oDK52GwjTIo,Venezuela vs Guyana: The Oil War Over Essequibo,"Oct 19, 2025",633,0
2026-06-21,oDK52GwjTIo,Venezuela vs Guyana: The Oil War Over Essequibo,"Oct 19, 2025",633,0
2026-06-22,oDK52GwjTIo,Venezuela vs Guyana: The Oil War Over Essequibo,"Oct 19, 2025",633,0
2026-06-23,oDK52GwjTIo,Venezuela vs Guyana: The Oil War Over Essequibo,"Oct 19, 2025",633,0
2026-06-24,oDK52GwjTIo,Venezuela vs Guyana: The Oil War Over Essequibo,"Oct 19, 2025",633,0
2026-06-25,oDK52GwjTIo,Venezuela vs Guyana: The Oil War Over Essequibo,"Oct 19, 2025",633,0
2026-06-26,oDK52GwjTIo,Venezuela vs Guyana: The Oil War Over Essequibo,"Oct 19, 2025",633,0
2026-06-27,oDK52GwjTIo,Venezuela vs Guyana: The Oil War Over Essequibo,"Oct 19, 2025",633,0
2026-06-28,oDK52GwjTIo,Venezuela vs Guyana: The Oil War Over Essequibo,"Oct 19, 2025",633,0
2026-06-29,oDK52GwjTIo,Venezuela vs Guyana: The Oil War Over Essequibo,"Oct 19, 2025",633,0
2026-06-30,oDK52GwjTIo,Venezuela vs Guyana: The Oil War Over Essequibo,"Oct 19, 2025",633,0
2026-07-01,oDK52GwjTIo,Venezuela vs Guyana: The Oil War Over Essequibo,"Oct 19, 2025",633,0
2026-07-02,oDK52GwjTIo,Venezuela vs Guyana: The Oil War Over Essequibo,"Oct 19, 2025",633,0
2026-07-03,oDK52GwjTIo,Venezuela vs Guyana: The Oil War Over Essequibo,"Oct 19, 2025",633,0
2026-07-04,oDK52GwjTIo,Venezuela vs Guyana: The Oil War Over Essequibo,"Oct 19, 2025",633,0
2026-07-05,oDK52GwjTIo,Venezuela vs Guyana: The Oil War Over Essequibo,"Oct 19, 2025",633,0
2026-07-06,oDK52GwjTIo,Venezuela vs Guyana: The Oil War Over Essequibo,"Oct 19, 2025",633,1
2026-07-07,oDK52GwjTIo,Venezuela vs Guyana: The Oil War Over Essequibo,"Oct 19, 2025",633,0
2026-07-08,oDK52GwjTIo,Venezuela vs Guyana: The Oil War Over Essequibo,"Oct 19, 2025",633,0
2026-07-09,oDK52GwjTIo,Venezuela vs Guyana: The Oil War Over Essequibo,"Oct 19, 2025",633,0
2026-07-10,oDK52GwjTIo,Venezuela vs Guyana: The Oil War Over Essequibo,"Oct 19, 2025",633,0
2026-07-11,oDK52GwjTIo,Venezuela vs Guyana: The Oil War Over Essequibo,"Oct 19, 2025",633,0
2026-07-12,oDK52GwjTIo,Venezuela vs Guyana: The Oil War Over Essequibo,"Oct 19, 2025",633,0
2026-07-13,oDK52GwjTIo,Venezuela vs Guyana: The Oil War Over Essequibo,"Oct 19, 2025",633,0
2026-07-14,oDK52GwjTIo,Venezuela vs Guyana: The Oil War Over Essequibo,"Oct 19, 2025",633,0
2026-07-15,oDK52GwjTIo,Venezuela vs Guyana: The Oil War Over Essequibo,"Oct 19, 2025",633,0
2026-07-16,oDK52GwjTIo,Venezuela vs Guyana: The Oil War Over Essequibo,"Oct 19, 2025",633,0
2026-07-17,oDK52GwjTIo,Venezuela vs Guyana: The Oil War Over Essequibo,"Oct 19, 2025",633,0
2026-07-18,oDK52GwjTIo,Venezuela vs Guyana: The Oil War Over Essequibo,"Oct 19, 2025",633,0
2026-07-19,oDK52GwjTIo,Venezuela vs Guyana: The Oil War Over Essequibo,"Oct 19, 2025",633,0
2026-07-20,oDK52GwjTIo,Venezuela vs Guyana: The Oil War Over Essequibo,"Oct 19, 2025",633,0
2026-07-21,oDK52GwjTIo,Venezuela vs Guyana: The Oil War Over Essequibo,"Oct 19, 2025",633,0
